keeper_rank,source_rank,player,team,pos,pos_rank,player_id,player_square_image_url,player_image_url,player_page_url,player_bye_week,player_owned_avg,player_owned_espn,player_owned_yahoo,player_ecr_delta,rank_ave,rank_min,rank_max,rank_std,tier,source_date
1,1,Ja'Marr Chase,CIN,WR,WR1,19788,,,https://www.fantasypros.com/nfl/players/jamarr-chase.php,6,99.1,99.8,100,,1.62,1,4,1.02,1,2026-07-15
2,2,Bijan Robinson,ATL,RB,RB1,23133,,,https://www.fantasypros.com/nfl/players/bijan-robinson.php,11,99.1,99.8,100,,3.15,1,7,1.53,1,2026-07-15
3,3,Puka Nacua,LAR,WR,WR2,23180,,,https://www.fantasypros.com/nfl/players/puka-nacua.php,11,99.5,99.8,100,,3.21,1,8,1.27,1,2026-07-15
4,4,Jahmyr Gibbs,DET,RB,RB2,22968,,,https://www.fantasypros.com/nfl/players/jahmyr-gibbs.php,6,99.2,99.8,100,,3.84,1,7,1.78,1,2026-07-15
5,5,Jaxon Smith-Njigba,SEA,WR,WR3,23070,,,https://www.fantasypros.com/nfl/players/jaxon-smith-njigba.php,11,99.5,99.8,100,,4.25,1,8,1.23,1,2026-07-15
6,6,Amon-Ra St. Brown,DET,WR,WR4,19799,,,https://www.fantasypros.com/nfl/players/amonra-stbrown.php,6,99.2,99.8,100,,6.01,4,9,1.36,2,2026-07-15
7,7,Christian McCaffrey,SF,RB,RB3,16393,,,https://www.fantasypros.com/nfl/players/christian-mccaffrey.php,8,99.4,99.8,100,,8.99,2,23,4.15,2,2026-07-15
8,8,CeeDee Lamb,DAL,WR,WR5,19202,,,https://www.fantasypros.com/nfl/players/ceedee-lamb.php,14,99.1,99.8,100,,9.01,6,19,2.32,2,2026-07-15
9,9,Justin Jefferson,MIN,WR,WR6,19236,,,https://www.fantasypros.com/nfl/players/justin-jefferson.php,6,99,99.7,100,,9.12,4,19,2.36,2,2026-07-15
10,10,Jonathan Taylor,IND,RB,RB4,19217,,,https://www.fantasypros.com/nfl/players/jonathan-taylor.php,13,99.1,99.7,100,,10.99,5,24,4.12,2,2026-07-15
11,11,Drake London,ATL,WR,WR7,23163,,,https://www.fantasypros.com/nfl/players/drake-london.php,11,99,99.5,100,,12.06,8,20,2.58,2,2026-07-15
12,12,Nico Collins,HOU,WR,WR8,20130,,,https://www.fantasypros.com/nfl/players/nico-collins.php,8,99.1,99.5,100,,15.06,9,28,3.73,3,2026-07-15
13,13,A.J. Brown,NE,WR,WR9,18218,,,https://www.fantasypros.com/nfl/players/aj-brown.php,11,98.7,99.3,99,,15.24,8,35,5.43,3,2026-07-15
14,14,Ashton Jeanty,LV,RB,RB5,25989,,,https://www.fantasypros.com/nfl/players/ashton-jeanty.php,13,98.9,99.6,100,,16.16,7,31,5.68,3,2026-07-15
15,15,George Pickens,DAL,WR,WR10,22963,,,https://www.fantasypros.com/nfl/players/george-pickens.php,14,98.9,99.6,100,,18.37,12,29,3.87,3,2026-07-15
16,16,James Cook III,BUF,RB,RB6,22958,,,https://www.fantasypros.com/nfl/players/james-cook.php,7,99.3,99.7,100,,18.74,7,34,7.05,3,2026-07-15
17,17,Trey McBride,ARI,TE,TE1,22936,,,https://www.fantasypros.com/nfl/players/trey-mcbride.php,14,99.1,99.7,100,,19.01,16,66,8.40,3,2026-07-15
18,18,De'Von Achane,MIA,RB,RB7,23136,,,https://www.fantasypros.com/nfl/players/devon-achane.php,6,99.1,99.7,100,,19.15,5,34,6.48,3,2026-07-15
19,19,Chris Olave,NO,WR,WR11,20111,,,https://www.fantasypros.com/nfl/players/chris-olave.php,8,98,98.4,99,,19.44,11,44,5.93,3,2026-07-15
20,20,Chase Brown,CIN,RB,RB8,25324,,,https://www.fantasypros.com/nfl/players/chase-brown.php,6,98.5,98.5,100,,20.40,10,33,4.90,3,2026-07-15
21,21,Brock Bowers,LV,TE,TE2,22955,,,https://www.fantasypros.com/nfl/players/brock-bowers.php,13,99,99.7,100,,20.82,12,32,2.97,3,2026-07-15
22,22,Rashee Rice,KC,WR,WR12,23113,,,https://www.fantasypros.com/nfl/players/rashee-rice.php,5,97.9,98.9,99,,22.32,11,45,8.71,3,2026-07-15
23,23,Josh Allen,BUF,QB,QB1,17298,,,https://www.fantasypros.com/nfl/players/josh-allen-qb.php,7,99.4,99.8,100,,25.21,21,31,1.21,4,2026-07-15
24,24,Omarion Hampton,LAC,RB,RB9,25395,,,https://www.fantasypros.com/nfl/players/omarion-hampton.php,7,98.6,98.9,100,,25.49,10,53,7.78,4,2026-07-15
25,25,DeVonta Smith,PHI,WR,WR13,19222,,,https://www.fantasypros.com/nfl/players/devonta-smith.php,10,97.8,98.7,99,,25.53,11,52,8.95,4,2026-07-15
26,26,Saquon Barkley,PHI,RB,RB10,17240,,,https://www.fantasypros.com/nfl/players/saquon-barkley.php,10,99.2,99.6,100,,27.72,10,46,6.99,4,2026-07-15
27,27,Tetairoa McMillan,CAR,WR,WR14,25417,,,https://www.fantasypros.com/nfl/players/tetairoa-mcmillan.php,5,98,98.2,99,,29.63,15,51,8.44,4,2026-07-15
28,28,Garrett Wilson,NYJ,WR,WR15,23072,,,https://www.fantasypros.com/nfl/players/garrett-wilson.php,13,97.3,98.2,98,,30.03,19,49,6.11,4,2026-07-15
29,29,Kenneth Walker III,KC,RB,RB11,23021,,,https://www.fantasypros.com/nfl/players/kenneth-walker-rb.php,5,99,99.3,100,,31.99,15,63,7.96,4,2026-07-15
30,30,Zay Flowers,BAL,WR,WR16,22916,,,https://www.fantasypros.com/nfl/players/zay-flowers.php,13,97,98,97,,32.79,11,48,8.53,4,2026-07-15
31,31,Tee Higgins,CIN,WR,WR17,19211,,,https://www.fantasypros.com/nfl/players/tee-higgins.php,6,97.6,97.1,99,,32.84,18,48,7.67,4,2026-07-15
32,32,Lamar Jackson,BAL,QB,QB2,17233,,,https://www.fantasypros.com/nfl/players/lamar-jackson.php,13,98.9,99.6,100,,33.38,23,63,10.55,4,2026-07-15
33,33,Drake Maye,NE,QB,QB3,23046,,,https://www.fantasypros.com/nfl/players/drake-maye.php,11,98.6,99.1,99,,34.59,27,65,9.76,4,2026-07-15
34,34,Jeremiyah Love,ARI,RB,RB12,25403,,,https://www.fantasypros.com/nfl/players/jeremiyah-love.php,14,97.6,97.9,99,,35.12,22,65,7.14,4,2026-07-15
35,35,Ladd McConkey,LAC,WR,WR18,26122,,,https://www.fantasypros.com/nfl/players/ladd-mcconkey.php,7,96.2,95.3,98,,35.46,15,51,6.79,4,2026-07-15
36,36,Malik Nabers,NYG,WR,WR19,25409,,,https://www.fantasypros.com/nfl/players/malik-nabers.php,8,98.5,98.9,100,,36.66,11,91,15.00,5,2026-07-15
37,37,Jaylen Waddle,DEN,WR,WR20,19790,,,https://www.fantasypros.com/nfl/players/jaylen-waddle.php,10,96.1,95.9,97,,38.19,18,52,7.63,5,2026-07-15
38,38,Colston Loveland,CHI,TE,TE3,26006,,,https://www.fantasypros.com/nfl/players/colston-loveland.php,10,98.4,99,99,,38.22,22,97,12.99,5,2026-07-15
39,39,Derrick Henry,BAL,RB,RB13,15514,,,https://www.fantasypros.com/nfl/players/derrick-henry.php,13,98.8,99.6,100,,39.56,13,56,7.75,5,2026-07-15
40,40,Emeka Egbuka,TB,WR,WR21,23062,,,https://www.fantasypros.com/nfl/players/emeka-egbuka.php,10,96.1,96.2,97,,41.13,14,64,9.78,5,2026-07-15
41,41,Breece Hall,NYJ,RB,RB14,22982,,,https://www.fantasypros.com/nfl/players/breece-hall.php,13,97.5,98.1,98,,42.13,31,75,6.43,5,2026-07-15
42,42,Kyren Williams,LAR,RB,RB15,23059,,,https://www.fantasypros.com/nfl/players/kyren-williams.php,11,98.1,98,99,,43.00,23,56,7.41,5,2026-07-15
43,43,Joe Burrow,CIN,QB,QB4,19196,,,https://www.fantasypros.com/nfl/players/joe-burrow.php,6,97.7,96.4,100,,43.35,27,98,13.13,5,2026-07-15
44,44,Terry McLaurin,WAS,WR,WR22,18466,,,https://www.fantasypros.com/nfl/players/terry-mclaurin.php,7,95.3,96.1,96,,43.41,28,64,7.19,5,2026-07-15
45,45,Luther Burden III,CHI,WR,WR23,27016,,,https://www.fantasypros.com/nfl/players/luther-burden-iii.php,10,94,91.4,96,,44.01,28,69,6.72,5,2026-07-15
46,46,Josh Jacobs,GB,RB,RB16,18269,,,https://www.fantasypros.com/nfl/players/josh-jacobs.php,11,98.5,99.2,99,,44.26,30,61,6.53,5,2026-07-15
47,47,Travis Etienne Jr.,NO,RB,RB17,19231,,,https://www.fantasypros.com/nfl/players/travis-etienne.php,8,96.7,96.6,98,,46.75,24,75,8.35,5,2026-07-15
48,48,Javonte Williams,DAL,RB,RB18,22739,,,https://www.fantasypros.com/nfl/players/javonte-williams.php,14,97,97.8,98,,47.76,34,61,6.18,5,2026-07-15
49,49,Davante Adams,LAR,WR,WR24,12123,,,https://www.fantasypros.com/nfl/players/davante-adams.php,11,97.1,98.3,97,,48.99,40,69,5.88,5,2026-07-15
50,50,DJ Moore,BUF,WR,WR25,17265,,,https://www.fantasypros.com/nfl/players/dj-moore-wr.php,7,94.1,93.1,95,,52.97,20,81,10.23,5,2026-07-15
51,51,Jameson Williams,DET,WR,WR26,23677,,,https://www.fantasypros.com/nfl/players/jameson-williams.php,6,95.1,94.4,96,,53.25,42,69,6.10,5,2026-07-15
52,52,Tyler Warren,IND,TE,TE4,26434,,,https://www.fantasypros.com/nfl/players/tyler-warren.php,13,98.2,99.1,99,,53.26,32,73,10.51,5,2026-07-15
53,53,Mike Evans,SF,WR,WR27,12119,,,https://www.fantasypros.com/nfl/players/mike-evans.php,8,93.3,91.4,94,,53.51,38,107,12.20,5,2026-07-15
54,54,Cam Skattebo,NYG,RB,RB19,27166,,,https://www.fantasypros.com/nfl/players/cam-skattebo.php,8,96.9,98,97,,55.34,39,80,8.61,6,2026-07-15
55,55,Jayden Daniels,WAS,QB,QB5,22902,,,https://www.fantasypros.com/nfl/players/jayden-daniels.php,7,97.6,98.7,99,,55.74,30,92,14.73,6,2026-07-15
56,56,Christian Watson,GB,WR,WR28,23886,,,https://www.fantasypros.com/nfl/players/christian-watson.php,11,91.9,88.7,94,,57.31,42,90,10.59,6,2026-07-15
57,57,Bucky Irving,TB,RB,RB20,25981,,,https://www.fantasypros.com/nfl/players/bucky-irving.php,10,95.8,95.8,96,,58.63,35,78,8.44,6,2026-07-15
58,58,Jalen Hurts,PHI,QB,QB6,19275,,,https://www.fantasypros.com/nfl/players/jalen-hurts.php,10,97.3,97.2,99,,59.29,27,104,14.63,6,2026-07-15
59,59,TreVeyon Henderson,NE,RB,RB21,23065,,,https://www.fantasypros.com/nfl/players/treveyon-henderson.php,11,94.9,93.5,96,,59.93,33,86,11.15,6,2026-07-15
60,60,Rome Odunze,CHI,WR,WR29,25411,,,https://www.fantasypros.com/nfl/players/rome-odunze.php,10,93.1,92.1,95,,60.49,38,94,9.81,6,2026-07-15
61,61,Quinshon Judkins,CLE,RB,RB22,25391,,,https://www.fantasypros.com/nfl/players/quinshon-judkins.php,11,94.3,94.9,95,,61.66,41,80,8.72,6,2026-07-15
62,62,D'Andre Swift,CHI,RB,RB23,19210,,,https://www.fantasypros.com/nfl/players/dandre-swift.php,10,94.2,91.9,96,,62.54,47,78,7.44,6,2026-07-15
63,63,Carnell Tate,TEN,WR,WR30,26009,,,https://www.fantasypros.com/nfl/players/carnell-tate.php,9,93.5,94.4,92,,64.25,38,218,25.73,6,2026-07-15
64,64,David Montgomery,HOU,RB,RB24,18239,,,https://www.fantasypros.com/nfl/players/david-montgomery.php,8,93.8,91.8,95,,65.68,43,122,12.92,6,2026-07-15
65,65,Caleb Williams,CHI,QB,QB7,23084,,,https://www.fantasypros.com/nfl/players/caleb-williams.php,10,93.7,90.7,96,,67.21,30,101,13.69,6,2026-07-15
66,66,Marvin Harrison Jr.,ARI,WR,WR31,23064,,,https://www.fantasypros.com/nfl/players/marvin-harrison-jr.php,14,91.3,90.9,93,,68.60,45,121,14.58,6,2026-07-15
67,67,Justin Herbert,LAC,QB,QB8,18635,,,https://www.fantasypros.com/nfl/players/justin-herbert.php,7,93.3,86.8,98,,69.49,40,108,12.93,6,2026-07-15
68,68,Tucker Kraft,GB,TE,TE5,25298,,,https://www.fantasypros.com/nfl/players/tucker-kraft.php,11,93.8,87.6,99,,72.84,54,106,10.44,6,2026-07-15
69,69,Bhayshul Tuten,JAC,RB,RB25,27297,,,https://www.fantasypros.com/nfl/players/bhayshul-tuten.php,7,91.5,90.1,93,,73.26,50,127,13.36,6,2026-07-15
70,70,Jaylen Warren,PIT,RB,RB26,24209,,,https://www.fantasypros.com/nfl/players/jaylen-warren.php,9,91.3,88.8,93,,73.50,61,89,5.38,6,2026-07-15
71,71,Harold Fannin Jr.,CLE,TE,TE6,27050,,,https://www.fantasypros.com/nfl/players/harold-fannin-jr.php,11,95.1,93.3,97,-1,74.75,51,106,10.86,6,2026-07-15
72,72,Alec Pierce,IND,WR,WR32,23791,,,https://www.fantasypros.com/nfl/players/alec-pierce.php,13,91.1,89.4,93,,74.78,38,115,14.22,6,2026-07-15
73,73,DK Metcalf,PIT,WR,WR33,18219,,,https://www.fantasypros.com/nfl/players/dk-metcalf.php,9,92.2,92.3,92,,75.38,48,109,13.29,7,2026-07-15
74,74,Jadarian Price,SEA,RB,RB27,27329,,,https://www.fantasypros.com/nfl/players/jadarian-price.php,11,91.2,91.2,92,,77.22,46,118,11.19,7,2026-07-15
75,75,Courtland Sutton,DEN,WR,WR34,17253,,,https://www.fantasypros.com/nfl/players/courtland-sutton.php,10,90.9,91,91,,77.32,48,107,12.56,7,2026-07-15
76,76,Trevor Lawrence,JAC,QB,QB9,19780,,,https://www.fantasypros.com/nfl/players/trevor-lawrence.php,7,91.6,88,94,,78.13,59,105,11.34,7,2026-07-15
77,77,Brian Thomas Jr.,JAC,WR,WR35,23000,,,https://www.fantasypros.com/nfl/players/brian-thomas-jr.php,7,89.5,88.2,90,,80.85,51,115,16.33,7,2026-07-15
78,78,Chris Godwin Jr.,TB,WR,WR36,16406,,,https://www.fantasypros.com/nfl/players/chris-godwin.php,10,88.6,87.1,90,,81.51,45,128,14.10,7,2026-07-15
79,79,Kyle Pitts Sr.,ATL,TE,TE7,20164,,,https://www.fantasypros.com/nfl/players/kyle-pitts.php,11,95.5,94.9,97,,81.82,65,106,9.42,7,2026-07-15
80,80,Dak Prescott,DAL,QB,QB10,15600,,,https://www.fantasypros.com/nfl/players/dak-prescott.php,14,93.6,90.6,96,,82.01,58,105,13.11,7,2026-07-15
81,81,Chuba Hubbard,CAR,RB,RB28,19792,,,https://www.fantasypros.com/nfl/players/chuba-hubbard.php,5,91.7,90.9,94,,83.00,47,122,13.79,7,2026-07-15
82,82,Rhamondre Stevenson,NE,RB,RB29,22726,,,https://www.fantasypros.com/nfl/players/rhamondre-stevenson.php,11,89.2,86.9,91,,83.84,67,117,8.18,7,2026-07-15
83,83,Michael Pittman Jr.,PIT,WR,WR37,19278,,,https://www.fantasypros.com/nfl/players/michael-pittman.php,9,88.7,91.2,86,,84.06,45,113,12.46,7,2026-07-15
84,84,Tony Pollard,TEN,RB,RB30,18705,,,https://www.fantasypros.com/nfl/players/tony-pollard.php,9,89.9,89.1,91,,85.09,65,127,9.86,7,2026-07-15
85,85,Sam LaPorta,DET,TE,TE8,22978,,,https://www.fantasypros.com/nfl/players/sam-laporta.php,6,95.2,93.2,98,,86.68,60,112,10.06,7,2026-07-15
86,86,Wan'Dale Robinson,TEN,WR,WR38,22985,,,https://www.fantasypros.com/nfl/players/wandale-robinson.php,9,81.6,86.5,70,,87.07,45,137,16.88,7,2026-07-15
87,87,RJ Harvey,DEN,RB,RB31,27142,,,https://www.fantasypros.com/nfl/players/rj-harvey.php,10,89.7,86.2,91,,87.10,43,130,18.81,7,2026-07-15
88,88,Rico Dowdle,PIT,RB,RB32,19647,,,https://www.fantasypros.com/nfl/players/rico-dowdle.php,9,90.3,88.5,92,,87.35,65,105,9.06,7,2026-07-15
89,89,Jordyn Tyson,NO,WR,WR39,26035,,,https://www.fantasypros.com/nfl/players/jordyn-tyson.php,8,89.3,86.7,89,,87.78,60,239,28.83,7,2026-07-15
90,90,Michael Wilson,ARI,WR,WR40,25333,,,https://www.fantasypros.com/nfl/players/michael-wilson.php,14,88.4,85.9,90,,88.37,60,126,14.18,7,2026-07-15
91,91,Jaxson Dart,NYG,QB,QB11,23160,,,https://www.fantasypros.com/nfl/players/jaxson-dart.php,8,95.6,94.4,98,,89.00,63,114,13.85,7,2026-07-15
92,92,Parker Washington,JAC,WR,WR41,23106,,,https://www.fantasypros.com/nfl/players/parker-washington.php,7,88.6,86.9,88,,90.12,57,133,17.44,7,2026-07-15
93,93,Brock Purdy,SF,QB,QB12,19797,,,https://www.fantasypros.com/nfl/players/brock-purdy.php,8,91.1,90,91,,94.10,59,113,10.21,7,2026-07-15
94,94,Jakobi Meyers,JAC,WR,WR42,18598,,,https://www.fantasypros.com/nfl/players/jakobi-meyers.php,7,86.4,87.2,82,,94.21,69,126,11.91,7,2026-07-15
95,95,Makai Lemon,PHI,WR,WR43,25420,,,https://www.fantasypros.com/nfl/players/makai-lemon.php,10,89.1,86.7,88,,94.97,64,224,22.76,7,2026-07-15
96,96,Josh Downs,IND,WR,WR44,24706,,,https://www.fantasypros.com/nfl/players/josh-downs.php,13,81.6,79,82,,97.54,62,160,18.33,7,2026-07-15
97,97,Travis Kelce,KC,TE,TE9,11594,,,https://www.fantasypros.com/nfl/players/travis-kelce.php,5,91.5,91.2,94,,99.34,73,138,12.29,7,2026-07-15
98,98,Kenny Gainwell,TB,RB,RB33,23310,,,https://www.fantasypros.com/nfl/players/kenneth-gainwell.php,10,86,86.6,87,,99.94,75,141,14.96,8,2026-07-15
99,99,Kyle Monangai,CHI,RB,RB34,27131,,,https://www.fantasypros.com/nfl/players/kyle-monangai.php,10,88.3,86.2,90,,100.32,78,125,11.43,8,2026-07-15
100,100,Patrick Mahomes II,KC,QB,QB13,16413,,,https://www.fantasypros.com/nfl/players/patrick-mahomes.php,5,92.3,89.4,94,,100.59,66,126,10.90,8,2026-07-15
101,101,Bo Nix,DEN,QB,QB14,22910,,,https://www.fantasypros.com/nfl/players/bo-nix.php,10,89.6,86.6,92,,101.28,74,116,7.82,8,2026-07-15
102,102,Ricky Pearsall,SF,WR,WR45,26214,,,https://www.fantasypros.com/nfl/players/ricky-pearsall.php,8,84.4,84.6,83,,101.94,71,180,18.98,8,2026-07-15
103,103,Matthew Stafford,LAR,QB,QB15,9451,,,https://www.fantasypros.com/nfl/players/matthew-stafford.php,11,92.9,92.4,94,,104.68,54,129,12.16,8,2026-07-15
104,104,Quentin Johnston,LAC,WR,WR46,23123,,,https://www.fantasypros.com/nfl/players/quentin-johnston.php,7,81.5,80,78,,105.00,62,137,15.74,8,2026-07-15
105,105,Jake Ferguson,DAL,TE,TE10,22718,,,https://www.fantasypros.com/nfl/players/jake-ferguson.php,14,90,89.3,90,,106.49,73,148,13.35,8,2026-07-15
106,106,J.K. Dobbins,DEN,RB,RB35,19245,,,https://www.fantasypros.com/nfl/players/jk-dobbins.php,10,88.3,87.4,89,,107.22,80,146,13.86,8,2026-07-15
107,107,Aaron Jones Sr.,MIN,RB,RB36,16673,,,https://www.fantasypros.com/nfl/players/aaron-jones.php,6,87.6,88,88,,108.24,78,143,15.22,8,2026-07-15
108,108,Jared Goff,DET,QB,QB16,15501,,,https://www.fantasypros.com/nfl/players/jared-goff.php,6,76.6,52.7,88,,108.26,63,125,10.84,8,2026-07-15
109,109,George Kittle,SF,TE,TE11,16499,,,https://www.fantasypros.com/nfl/players/george-kittle.php,8,92.4,91.5,93,,108.29,32,157,21.99,8,2026-07-15
110,110,Jordan Addison,MIN,WR,WR47,23107,,,https://www.fantasypros.com/nfl/players/jordan-addison.php,6,85,84,83,,108.59,80,137,11.64,8,2026-07-15
111,111,Blake Corum,LAR,RB,RB37,23013,,,https://www.fantasypros.com/nfl/players/blake-corum.php,11,86,82.5,89,,109.19,86,143,12.51,8,2026-07-15
112,112,Rachaad White,WAS,RB,RB38,23891,,,https://www.fantasypros.com/nfl/players/rachaad-white.php,7,81,85.6,76,,110.26,72,156,16.27,8,2026-07-15
113,113,Jayden Reed,GB,WR,WR48,23020,,,https://www.fantasypros.com/nfl/players/jayden-reed.php,11,77.8,72.8,80,,110.85,81,149,14.18,8,2026-07-15
114,114,Kyler Murray,MIN,QB,QB17,18600,,,https://www.fantasypros.com/nfl/players/kyler-murray.php,6,74.4,52.3,87,,111.25,63,147,12.33,8,2026-07-15
115,115,Dalton Kincaid,BUF,TE,TE12,25247,,,https://www.fantasypros.com/nfl/players/dalton-kincaid.php,7,75,43.2,91,,112.59,85,155,14.49,8,2026-07-15
116,116,Khalil Shakir,BUF,WR,WR49,23748,,,https://www.fantasypros.com/nfl/players/khalil-shakir.php,7,70.5,80.5,46,,118.25,88,154,12.41,8,2026-07-15
117,117,Jordan Love,GB,QB,QB18,19246,,,https://www.fantasypros.com/nfl/players/jordan-love.php,11,59.2,20.4,69,,118.31,104,139,7.59,8,2026-07-15
118,118,Isaiah Likely,NYG,TE,TE13,23781,,,https://www.fantasypros.com/nfl/players/isaiah-likely.php,8,86.3,82.8,88,,119.15,87,261,31.90,8,2026-07-15
119,119,Baker Mayfield,TB,QB,QB19,17237,,,https://www.fantasypros.com/nfl/players/baker-mayfield.php,10,61.5,34.3,63,,120.25,92,152,9.22,8,2026-07-15
120,120,Dallas Goedert,PHI,TE,TE14,17270,,,https://www.fantasypros.com/nfl/players/dallas-goedert.php,10,89.1,90.6,91,,121.85,95,158,15.59,8,2026-07-15
121,121,Jayden Higgins,HOU,WR,WR50,27077,,,https://www.fantasypros.com/nfl/players/jayden-higgins.php,8,52.4,31.1,47,,123.26,109,165,10.26,8,2026-07-15
122,122,Xavier Worthy,KC,WR,WR51,23019,,,https://www.fantasypros.com/nfl/players/xavier-worthy.php,5,78.8,82.8,72,,123.74,94,150,11.49,8,2026-07-15
123,123,Tyler Shough,NO,QB,QB20,23096,,,https://www.fantasypros.com/nfl/players/tyler-shough.php,8,60.3,43.7,57,,123.75,105,161,10.49,8,2026-07-15
124,124,Jacory Croskey-Merritt,WAS,RB,RB39,27316,,,https://www.fantasypros.com/nfl/players/jacory-croskeymerritt.php,7,80.4,72.5,86,,124.10,93,157,12.40,8,2026-07-15
125,125,Jordan Mason,MIN,RB,RB40,22969,,,https://www.fantasypros.com/nfl/players/jordan-mason.php,6,68.3,52.9,70,,127.53,102,162,11.22,8,2026-07-15
126,126,KC Concepcion,CLE,WR,WR52,27331,,,https://www.fantasypros.com/nfl/players/kevin-concepcion.php,11,71.1,76.3,51,,128.57,82,305,38.48,8,2026-07-15
127,127,Romeo Doubs,NE,WR,WR53,23794,,,https://www.fantasypros.com/nfl/players/romeo-doubs.php,11,73.6,75.9,58,,130.75,96,176,15.14,8,2026-07-15
128,128,Tyrone Tracy Jr.,NYG,RB,RB41,22980,,,https://www.fantasypros.com/nfl/players/tyrone-tracy-jr.php,8,46.1,10.4,52,,131.84,113,164,10.96,8,2026-07-15
129,129,Malik Willis,MIA,QB,QB21,23499,,,https://www.fantasypros.com/nfl/players/malik-willis.php,6,50.5,9.4,63,,132.21,105,242,27.39,8,2026-07-15
130,130,Jalen Coker,CAR,WR,WR54,26403,,,https://www.fantasypros.com/nfl/players/jalen-coker.php,5,53,43.1,40,,133.75,107,205,17.67,9,2026-07-15
131,131,Mark Andrews,BAL,TE,TE15,17269,,,https://www.fantasypros.com/nfl/players/mark-andrews.php,13,84.5,79.4,87,,134.56,95,203,21.81,9,2026-07-15
132,132,Jonathon Brooks,CAR,RB,RB42,26148,,,https://www.fantasypros.com/nfl/players/jonathon-brooks.php,5,73.1,73.1,73,,132.64,77,357,44.49,9,2026-07-15
133,133,Matthew Golden,GB,WR,WR55,26024,,,https://www.fantasypros.com/nfl/players/matthew-golden.php,11,70,85.5,47,,138.68,93,195,19.28,9,2026-07-15
134,134,C.J. Stroud,HOU,QB,QB22,23071,,,https://www.fantasypros.com/nfl/players/cj-stroud.php,8,44.1,10.9,42,,139.07,114,179,12.56,9,2026-07-15
135,135,Woody Marks,HOU,RB,RB43,27520,,,https://www.fantasypros.com/nfl/players/woody-marks.php,8,62.9,70.9,43,,139.10,86,219,19.36,9,2026-07-15
136,136,Tyler Allgeier,ARI,RB,RB44,24172,,,https://www.fantasypros.com/nfl/players/tyler-allgeier.php,14,54.8,22.5,59,,141.76,120,257,21.58,9,2026-07-15
137,137,Zach Charbonnet,SEA,RB,RB45,23152,,,https://www.fantasypros.com/nfl/players/zach-charbonnet.php,11,73.8,73.8,62,,142.78,86,233,19.88,9,2026-07-15
138,138,Sam Darnold,SEA,QB,QB23,17236,,,https://www.fantasypros.com/nfl/players/sam-darnold.php,11,46.7,12.4,45,,142.99,129,242,16.82,9,2026-07-15
139,139,Chris Rodriguez Jr.,JAC,RB,RB46,22986,,,https://www.fantasypros.com/nfl/players/chris-rodriguez-jr.php,7,49.4,23.8,52,,144.06,103,233,22.01,9,2026-07-15
140,140,Juwan Johnson,NO,TE,TE16,19562,,,https://www.fantasypros.com/nfl/players/juwan-johnson.php,8,50.6,20.3,50,,144.07,87,202,22.05,9,2026-07-15
141,141,Tyjae Spears,TEN,RB,RB47,25323,,,https://www.fantasypros.com/nfl/players/tyjae-spears.php,9,58.7,62.6,37,,144.66,120,189,13.03,9,2026-07-15
142,142,Dylan Sampson,CLE,RB,RB48,27102,,,https://www.fantasypros.com/nfl/players/dylan-sampson.php,11,32.4,3,27,,145.43,122,189,12.73,9,2026-07-15
143,143,Isiah Pacheco,DET,RB,RB49,24333,,,https://www.fantasypros.com/nfl/players/isiah-pacheco.php,6,59.8,64.8,40,,148.29,102,169,11.01,9,2026-07-15
144,144,Cam Ward,TEN,QB,QB24,24755,,,https://www.fantasypros.com/nfl/players/cam-ward.php,9,36.4,7.3,30,,150.57,124,242,18.09,9,2026-07-15
145,145,Brenton Strange,JAC,TE,TE17,25345,,,https://www.fantasypros.com/nfl/players/brenton-strange.php,7,52.5,9.2,63,,152.47,106,203,21.06,9,2026-07-15
146,146,Rashid Shaheed,SEA,WR,WR56,24687,,,https://www.fantasypros.com/nfl/players/rashid-shaheed.php,11,47.7,28.9,42,,152.97,123,287,22.86,9,2026-07-15
147,147,Alvin Kamara,NO,RB,RB50,16421,,,https://www.fantasypros.com/nfl/players/alvin-kamara.php,8,57.7,64.7,32,,153.85,118,237,22.03,9,2026-07-15
148,148,Omar Cooper Jr.,NYJ,WR,WR57,28127,,,https://www.fantasypros.com/nfl/players/omar-cooper-jr.php,13,48.1,35.3,30,,155.68,128,305,25.19,9,2026-07-15
149,149,Jerry Jeudy,CLE,WR,WR58,19201,,,https://www.fantasypros.com/nfl/players/jerry-jeudy.php,11,38.6,23.5,19,,157.31,128,199,17.62,9,2026-07-15
150,150,Daniel Jones,IND,QB,QB25,18232,,,https://www.fantasypros.com/nfl/players/daniel-jones.php,13,45.6,23.4,36,,158.13,114,276,27.21,9,2026-07-15
151,151,Denzel Boston,CLE,WR,WR59,27339,,,https://www.fantasypros.com/nfl/players/denzel-boston.php,11,41.2,11,34,,155.24,115,309,32.61,9,2026-07-15
152,152,Bryce Young,CAR,QB,QB26,22900,,,https://www.fantasypros.com/nfl/players/bryce-young.php,5,36.3,4.9,28,,160.38,134,242,19.36,9,2026-07-15
153,153,Jauan Jennings,MIN,WR,WR60,19590,,,https://www.fantasypros.com/nfl/players/jauan-jennings.php,6,40.8,10.7,31,,153.50,91,271,26.65,9,2026-07-15
154,154,Chig Okonkwo,WAS,TE,TE18,23982,,,https://www.fantasypros.com/nfl/players/chigoziem-okonkwo.php,7,40.3,6.1,38,,161.38,98,259,34.57,9,2026-07-15
155,155,Oronde Gadsden II,LAC,TE,TE19,25997,,,https://www.fantasypros.com/nfl/players/oronde-gadsden-ii.php,7,58.6,13.3,74,,161.91,95,254,37.38,9,2026-07-15
156,156,Hunter Henry,NE,TE,TE20,15561,,,https://www.fantasypros.com/nfl/players/hunter-henry.php,11,63.4,31.8,71,,163.69,97,229,25.28,9,2026-07-15
157,157,Houston Texans,HOU,D/ST,DST1,8120,,,https://www.fantasypros.com/nfl/players/houston-defense.php,8,95,96,99,,153.68,151,183,6.58,9,2026-07-15
158,158,Jonah Coleman,DEN,RB,RB51,27320,,,https://www.fantasypros.com/nfl/players/jonah-coleman.php,10,39.7,3.6,37,,164.05,125,371,41.66,9,2026-07-15
159,159,Keaton Mitchell,LAC,RB,RB52,25360,,,https://www.fantasypros.com/nfl/players/keaton-mitchell.php,7,36.3,2.7,36,,164.23,130,268,30.09,9,2026-07-15
160,160,Adonai Mitchell,NYJ,WR,WR61,24357,,,https://www.fantasypros.com/nfl/players/adonai-mitchell.php,13,22.1,2.4,11,,173.87,130,305,29.28,9,2026-07-15
161,161,Jalen McMillan,TB,WR,WR62,23179,,,https://www.fantasypros.com/nfl/players/jalen-mcmillan.php,10,37.6,22.8,25,,166.95,121,305,29.53,9,2026-07-15
162,162,Tre Tucker,LV,WR,WR63,25337,,,https://www.fantasypros.com/nfl/players/tre-tucker.php,13,27.5,9.5,16,,174.68,109,291,28.46,9,2026-07-15
163,163,Tank Bigsby,PHI,RB,RB53,22908,,,https://www.fantasypros.com/nfl/players/tank-bigsby.php,10,31.6,11,17,,175.68,141,290,28.41,10,2026-07-15
164,164,Dalton Schultz,HOU,TE,TE21,17349,,,https://www.fantasypros.com/nfl/players/dalton-schultz.php,8,36,5.1,27,,176.81,112,226,25.62,10,2026-07-15
165,165,Travis Hunter,JAC,WR,WR64,26034,,,https://www.fantasypros.com/nfl/players/travis-hunter.php,7,67.9,67.8,36,,170.18,83,291,37.43,10,2026-07-15
166,166,Denver Broncos,DEN,D/ST,DST2,8090,,,https://www.fantasypros.com/nfl/players/denver-defense.php,10,92.1,97.7,99,,162.83,151,203,7.46,10,2026-07-15
167,167,Brian Robinson Jr.,ATL,RB,RB54,20094,,,https://www.fantasypros.com/nfl/players/brian-robinson-jr.php,11,38.8,10.3,24,,174.43,139,291,29.21,10,2026-07-15
168,168,Braelon Allen,NYJ,RB,RB55,24346,,,https://www.fantasypros.com/nfl/players/braelon-allen.php,13,29.5,5.1,24,,173.86,120,314,32.95,10,2026-07-15
169,169,Seattle Seahawks,SEA,D/ST,DST3,8260,,,https://www.fantasypros.com/nfl/players/seattle-defense.php,11,95.4,92.3,99,,167.78,161,189,4.53,10,2026-07-15
170,170,Tre' Harris,LAC,WR,WR65,26215,,,https://www.fantasypros.com/nfl/players/tre-harris.php,7,20.7,2,6,,182.94,133,296,31.06,10,2026-07-15
171,171,Los Angeles Rams,LAR,D/ST,DST4,8280,,,https://www.fantasypros.com/nfl/players/los-angeles-rams-defense.php,11,76.5,67,96,,169.75,151,190,6.42,10,2026-07-15
172,172,T.J. Hockenson,MIN,TE,TE22,18290,,,https://www.fantasypros.com/nfl/players/tj-hockenson.php,6,58.8,64.4,34,,188.26,138,246,21.15,10,2026-07-15
173,173,Philadelphia Eagles,PHI,D/ST,DST5,8230,,,https://www.fantasypros.com/nfl/players/philadelphia-defense.php,10,81.7,71.5,96,,175.20,167,235,9.67,10,2026-07-15
174,174,Ryan Flournoy,DAL,WR,WR66,26398,,,https://www.fantasypros.com/nfl/players/ryan-flournoy.php,14,19.2,1.9,6,,187.45,147,327,28.91,10,2026-07-15
175,175,Kayshon Boutte,NE,WR,WR67,22989,,,https://www.fantasypros.com/nfl/players/kayshon-boutte.php,11,27.1,2.4,10,,193.03,149,293,30.22,10,2026-07-15
176,176,Troy Franklin,DEN,WR,WR68,23092,,,https://www.fantasypros.com/nfl/players/troy-franklin.php,10,18.3,1.2,5,,190.12,100,302,37.58,10,2026-07-15
177,177,Stefon Diggs,FA,WR,WR69,13981,,,https://www.fantasypros.com/nfl/players/stefon-diggs.php,,53,31.8,48,,163.65,76,312,46.89,10,2026-07-15
178,178,James Conner,ARI,RB,RB56,16447,,,https://www.fantasypros.com/nfl/players/james-conner.php,14,35.1,12.4,15,,188.67,86,304,44.73,10,2026-07-15
179,179,Jacoby Brissett,ARI,QB,QB27,15642,,,https://www.fantasypros.com/nfl/players/jacoby-brissett.php,14,28.8,2,15,,200.16,128,308,42.15,10,2026-07-15
180,180,New England Patriots,NE,D/ST,DST6,8180,,,https://www.fantasypros.com/nfl/players/new-england-defense.php,11,78.6,88.7,82,,187.05,171,249,13.48,10,2026-07-15
181,181,Brandon Aubrey,DAL,K,K1,26068,,,https://www.fantasypros.com/nfl/players/brandon-aubrey.php,14,96.9,99.7,99,,187.16,185,193,1.27,10,2026-07-15
182,182,Emanuel Wilson,SEA,RB,RB57,25885,,,https://www.fantasypros.com/nfl/players/emanuel-wilson.php,11,20.9,1.5,12,,194.74,135,301,39.33,10,2026-07-15
183,183,Pittsburgh Steelers,PIT,D/ST,DST7,8240,,,https://www.fantasypros.com/nfl/players/pittsburgh-defense.php,9,66.3,74.8,65,,188.59,171,255,10.94,10,2026-07-15
184,184,Jacksonville Jaguars,JAC,D/ST,DST8,8140,,,https://www.fantasypros.com/nfl/players/jacksonville-defense.php,7,66.1,70,83,,189.05,179,235,9.40,10,2026-07-15
185,185,Jaylin Noel,HOU,WR,WR70,27122,,,https://www.fantasypros.com/nfl/players/jaylin-noel.php,8,14.9,0.8,5,,196.08,137,293,34.45,10,2026-07-15
186,186,Minnesota Vikings,MIN,D/ST,DST9,8170,,,https://www.fantasypros.com/nfl/players/minnesota-defense.php,6,61.3,44.8,83,,186.19,171,241,11.05,10,2026-07-15
187,187,Calvin Ridley,TEN,WR,WR71,17258,,,https://www.fantasypros.com/nfl/players/calvin-ridley.php,9,28,31.3,6,,202.64,137,312,36.92,10,2026-07-15
188,188,Kenyon Sadiq,NYJ,TE,TE23,26055,,,https://www.fantasypros.com/nfl/players/kenyon-sadiq.php,13,68.4,66.8,50,,206.33,138,339,32.44,10,2026-07-15
189,189,Isaac TeSlaa,DET,WR,WR72,27446,,,https://www.fantasypros.com/nfl/players/isaac-teslaa.php,6,24.3,3.3,13,,204.09,166,280,24.58,10,2026-07-15
190,190,AJ Barner,SEA,TE,TE24,26335,,,https://www.fantasypros.com/nfl/players/aj-barner.php,11,33.1,3.8,22,,208.54,144,256,23.41,10,2026-07-15
191,191,Ka'imi Fairbairn,HOU,K,K2,15756,,,https://www.fantasypros.com/nfl/players/kaimi-fairbairn.php,8,87.9,94.6,97,,192.44,187,207,2.76,10,2026-07-15
192,192,Cameron Dicker,LAC,K,K3,23901,,,https://www.fantasypros.com/nfl/players/cameron-dicker.php,7,94.5,99,94,,196.02,188,253,9.40,10,2026-07-15
193,193,Emmett Johnson,KC,RB,RB58,28107,,,https://www.fantasypros.com/nfl/players/emmett-johnson.php,5,29.7,2.9,11,,193.08,138,335,41.96,10,2026-07-15
194,194,Los Angeles Chargers,LAC,D/ST,DST10,8250,,,https://www.fantasypros.com/nfl/players/los-angeles-chargers-defense.php,7,50.2,39.3,77,,194.71,179,279,18.10,10,2026-07-15
195,195,Jalen Nailor,LV,WR,WR73,24177,,,https://www.fantasypros.com/nfl/players/jalen-nailor.php,13,30.7,3.9,19,,203.22,121,304,47.31,10,2026-07-15
196,196,Darnell Mooney,NYG,WR,WR74,19810,,,https://www.fantasypros.com/nfl/players/darnell-mooney.php,8,21.5,5.4,4,,206.53,154,287,22.76,10,2026-07-15
197,197,Ray Davis,BUF,RB,RB59,26191,,,https://www.fantasypros.com/nfl/players/ray-davis.php,7,19.2,2.5,8,,203.63,146,326,34.89,10,2026-07-15
198,198,Kimani Vidal,LAC,RB,RB60,26355,,,https://www.fantasypros.com/nfl/players/kimani-vidal.php,7,20.6,2.4,6,,200.48,148,284,33.41,10,2026-07-15
199,199,Deebo Samuel Sr.,FA,WR,WR75,18244,,,https://www.fantasypros.com/nfl/players/deebo-samuel.php,,37.9,9.2,33,,186.10,116,340,44.12,10,2026-07-15
200,200,Cam Little,JAC,K,K4,26475,,,https://www.fantasypros.com/nfl/players/cam-little.php,7,85.6,90.2,96,,200.80,183,333,18.68,10,2026-07-15
201,201,Malik Washington,MIA,WR,WR76,26314,,,https://www.fantasypros.com/nfl/players/malik-washington.php,6,21.4,2.2,10,,214.16,110,303,40.58,10,2026-07-15
202,202,Jason Myers,SEA,K,K5,14003,,,https://www.fantasypros.com/nfl/players/jason-myers.php,11,91.5,97.4,96,,201.80,192,253,9.02,10,2026-07-15
203,203,Antonio Williams,WAS,WR,WR77,25418,,,https://www.fantasypros.com/nfl/players/antonio-williams-wr.php,7,28.9,4.5,15,,193.30,123,322,44.81,10,2026-07-15
204,204,Pat Bryant,DEN,WR,WR78,27211,,,https://www.fantasypros.com/nfl/players/pat-bryant.php,10,16.5,1,3,,210.48,168,289,24.84,10,2026-07-15
205,205,Baltimore Ravens,BAL,D/ST,DST11,8020,,,https://www.fantasypros.com/nfl/players/baltimore-defense.php,13,45.2,43.4,29,,204.47,172,280,20.20,10,2026-07-15
206,206,Gunnar Helm,TEN,TE,TE25,27109,,,https://www.fantasypros.com/nfl/players/gunnar-helm.php,9,22.7,2.4,6,,218.50,167,292,28.22,10,2026-07-15
207,207,Mike Washington Jr.,LV,RB,RB61,28108,,,https://www.fantasypros.com/nfl/players/mike-washington-jr.php,13,28.9,5.9,11,,203.29,143,319,37.46,10,2026-07-15
208,208,Eddy Pineiro,SF,K,K6,17575,,,https://www.fantasypros.com/nfl/players/eddy-pineiro.php,8,63,84.2,72,,208.05,202,242,5.85,11,2026-07-15
209,209,Tyler Loop,BAL,K,K7,27534,,,https://www.fantasypros.com/nfl/players/tyler-loop.php,13,56.6,48.8,83,,208.72,193,258,10.91,11,2026-07-15
210,210,Dontayvion Wicks,PHI,WR,WR79,24354,,,https://www.fantasypros.com/nfl/players/dontayvion-wicks.php,10,14.3,0.9,3,,215.97,154,293,24.65,11,2026-07-15
211,211,Green Bay Packers,GB,D/ST,DST12,8110,,,https://www.fantasypros.com/nfl/players/green-bay-defense.php,11,34.3,49.8,28,,199.80,186,286,19.39,11,2026-07-15
212,212,Cairo Santos,CHI,K,K8,13731,,,https://www.fantasypros.com/nfl/players/cairo-santos.php,10,19,33.6,13,,214.42,204,260,6.44,11,2026-07-15
213,213,Sean Tucker,TB,RB,RB62,23679,,,https://www.fantasypros.com/nfl/players/sean-tucker.php,10,22.7,0.8,7,,207.95,148,275,30.40,11,2026-07-15
214,214,Kansas City Chiefs,KC,D/ST,DST13,8150,,,https://www.fantasypros.com/nfl/players/kansas-city-defense.php,5,26.9,33.5,16,,210.63,185,279,13.96,11,2026-07-15
215,215,Nicholas Singleton,TEN,RB,RB63,24343,,,https://www.fantasypros.com/nfl/players/nick-singleton.php,9,28.7,2.9,11,,217.92,139,359,45.03,11,2026-07-15
216,216,Detroit Lions,DET,D/ST,DST14,8100,,,https://www.fantasypros.com/nfl/players/detroit-defense.php,6,49.7,75.5,40,,219.17,185,279,23.76,11,2026-07-15
217,217,Chimere Dike,TEN,WR,WR80,27315,,,https://www.fantasypros.com/nfl/players/chimere-dike.php,9,17,1.1,5,,223.43,142,323,40.69,11,2026-07-15
218,218,De'Zhaun Stribling,SF,WR,WR81,28138,,,https://www.fantasypros.com/nfl/players/dezhaun-stribling.php,8,16.9,1.9,5,,232.58,168,346,39.18,11,2026-07-15
219,219,Andy Borregales,NE,K,K9,27291,,,https://www.fantasypros.com/nfl/players/andres-borregales.php,11,26.6,3.1,59,,218.57,204,282,15.37,11,2026-07-15
220,220,Evan McPherson,CIN,K,K10,23297,,,https://www.fantasypros.com/nfl/players/evan-mcpherson.php,6,42.3,9.4,57,,212.90,200,253,11.69,11,2026-07-15
221,221,Tank Dell,HOU,WR,WR82,25361,,,https://www.fantasypros.com/nfl/players/nathaniel-dell.php,8,26.6,11.9,7,,229.94,173,316,28.95,11,2026-07-15
222,222,Geno Smith,NYJ,QB,QB28,11687,,,https://www.fantasypros.com/nfl/players/geno-smith.php,13,21.9,1.7,8,,233.15,153,327,35.42,11,2026-07-15
223,223,Aaron Rodgers,PIT,QB,QB29,9001,,,https://www.fantasypros.com/nfl/players/aaron-rodgers.php,9,25.7,3.2,15,,227.57,139,332,41.53,11,2026-07-15
224,224,Cooper Kupp,SEA,WR,WR83,16433,,,https://www.fantasypros.com/nfl/players/cooper-kupp.php,11,19.9,6.7,5,,230.83,166,299,32.04,11,2026-07-15
225,225,Buffalo Bills,BUF,D/ST,DST15,8030,,,https://www.fantasypros.com/nfl/players/buffalo-defense.php,7,32.1,63.5,15,,225.97,185,280,18.05,11,2026-07-15
226,226,Jake Bates,DET,K,K11,26075,,,https://www.fantasypros.com/nfl/players/jake-bates.php,6,54,76.1,41,,227.31,200,266,15.47,11,2026-07-15
227,227,Kaytron Allen,WAS,RB,RB64,24362,,,https://www.fantasypros.com/nfl/players/kaytron-allen.php,7,24.4,1.8,7,,218.08,155,333,42.20,11,2026-07-15
228,228,Jaylen Wright,MIA,RB,RB65,25987,,,https://www.fantasypros.com/nfl/players/jaylen-wright.php,6,14.4,1.1,4,,230.17,160,288,24.66,11,2026-07-15
229,229,Brandon Aiyuk,SF,WR,WR84,19252,,,https://www.fantasypros.com/nfl/players/brandon-aiyuk.php,8,35.2,10.8,23,,207.46,133,341,46.98,11,2026-07-15
230,230,Cleveland Browns,CLE,D/ST,DST16,8070,,,https://www.fantasypros.com/nfl/players/cleveland-defense.php,11,28.4,50.9,15,,211.86,184,356,37.29,11,2026-07-15
231,231,Chase McLaughlin,TB,K,K12,19058,,,https://www.fantasypros.com/nfl/players/chase-mclaughlin.php,10,24,20.2,17,,223.38,207,274,14.97,11,2026-07-15
232,232,Germie Bernard,PIT,WR,WR85,26039,,,https://www.fantasypros.com/nfl/players/germie-bernard.php,9,22.5,6.7,4,,229.90,170,321,38.12,11,2026-07-15
233,233,Justice Hill,BAL,RB,RB66,18256,,,https://www.fantasypros.com/nfl/players/justice-hill.php,13,11,3.7,3,,234.00,145,318,44.56,11,2026-07-15
234,234,Rashod Bateman,BAL,WR,WR86,19794,,,https://www.fantasypros.com/nfl/players/rashod-bateman.php,13,10.1,2.1,2,,237.12,170,298,26.96,11,2026-07-15
235,235,Zachariah Branch,ATL,WR,WR87,25419,,,https://www.fantasypros.com/nfl/players/zachariah-branch.php,11,23.6,2.1,5,,237.38,150,318,34.94,11,2026-07-15
236,236,Pat Freiermuth,PIT,TE,TE26,20163,,,https://www.fantasypros.com/nfl/players/pat-freiermuth.php,9,22,4.9,9,,245.76,173,309,20.09,11,2026-07-15
237,237,Fernando Mendoza,LV,QB,QB30,28013,,,https://www.fantasypros.com/nfl/players/fernando-mendoza.php,13,38,16.4,16,,243.86,159,332,39.67,11,2026-07-15
238,238,Cade Otton,TB,TE,TE27,23181,,,https://www.fantasypros.com/nfl/players/cade-otton.php,10,25.3,1.7,5,,244.92,173,281,20.85,11,2026-07-15
239,239,Harrison Mevis,LAR,K,K13,26638,,,https://www.fantasypros.com/nfl/players/harrison-mevis.php,11,46.1,91.2,23,,234.23,204,282,21.86,11,2026-07-15
240,240,David Njoku,LAC,TE,TE28,16399,,,https://www.fantasypros.com/nfl/players/david-njoku.php,7,29.2,3.9,12,,245.91,155,342,27.91,11,2026-07-15
241,241,Ted Hurst III,TB,WR,WR88,28130,,,https://www.fantasypros.com/nfl/players/ted-hurst.php,10,17.6,1,2,,251.22,195,371,34.96,11,2026-07-15
242,242,Jack Bech,LV,WR,WR89,27224,,,https://www.fantasypros.com/nfl/players/jack-bech.php,13,13.7,1.7,3,,247.48,168,367,33.41,11,2026-07-15
243,243,Terrance Ferguson,LAR,TE,TE29,23091,,,https://www.fantasypros.com/nfl/players/terrance-ferguson.php,11,24.1,4.2,16,,245.54,193,372,25.92,11,2026-07-15
244,244,Elic Ayomanor,TEN,WR,WR90,27059,,,https://www.fantasypros.com/nfl/players/elic-ayomanor.php,9,13.4,0.5,3,,240.63,166,341,38.69,11,2026-07-15
245,245,Ollie Gordon II,MIA,RB,RB67,25984,,,https://www.fantasypros.com/nfl/players/ollie-gordon.php,6,5.5,1.1,3,,247.62,164,325,26.57,11,2026-07-15
246,246,Harrison Butker,KC,K,K14,16712,,,https://www.fantasypros.com/nfl/players/harrison-butker.php,5,40.1,71.1,17,,241.61,200,282,24.61,11,2026-07-15
247,247,MarShawn Lloyd,GB,RB,RB68,23118,,,https://www.fantasypros.com/nfl/players/marshawn-lloyd.php,11,10.8,2.9,5,,247.53,156,326,45.66,11,2026-07-15
248,248,Keon Coleman,BUF,WR,WR91,26019,,,https://www.fantasypros.com/nfl/players/keon-coleman.php,7,12.4,1.8,3,,248.56,180,303,30.04,11,2026-07-15
249,249,Colby Parkinson,LAR,TE,TE30,19372,,,https://www.fantasypros.com/nfl/players/colby-parkinson.php,11,22.9,1.1,3,,256.31,181,300,24.12,11,2026-07-15
250,250,Evan Engram,DEN,TE,TE31,16411,,,https://www.fantasypros.com/nfl/players/evan-engram.php,10,17.9,2.1,4,,259.68,193,295,19.14,11,2026-07-15
251,251,Chris Bell,MIA,WR,WR92,26038,,,https://www.fantasypros.com/nfl/players/chris-bell.php,6,24.2,5.3,7,,234.61,149,313,36.78,11,2026-07-15
252,252,Ty Johnson,BUF,RB,RB69,18406,,,https://www.fantasypros.com/nfl/players/ty-johnson.php,7,5,0.9,1,,251.76,162,386,33.22,12,2026-07-15
253,253,Chris Boswell,PIT,K,K15,13029,,,https://www.fantasypros.com/nfl/players/chris-boswell.php,9,41.7,38.4,48,,247.92,206,282,11.00,12,2026-07-15
254,254,Elijah Sarratt,BAL,WR,WR93,27463,,,https://www.fantasypros.com/nfl/players/elijah-sarratt.php,13,19,1,2,,251.02,178,324,29.21,12,2026-07-15
255,255,Christian Kirk,SF,WR,WR94,17268,,,https://www.fantasypros.com/nfl/players/christian-kirk.php,8,16.9,1.9,2,,252.56,170,325,31.09,12,2026-07-15
256,256,Malachi Fields,NYG,WR,WR95,27994,,,https://www.fantasypros.com/nfl/players/malachi-fields.php,8,18.5,1.5,4,,252.79,154,374,40.62,12,2026-07-15
257,257,Tyreek Hill,FA,WR,WR96,15802,,,https://www.fantasypros.com/nfl/players/tyreek-hill.php,,41.1,25.9,23,,227.77,107,347,55.13,12,2026-07-15
258,258,Jaydon Blue,DAL,RB,RB70,24344,,,https://www.fantasypros.com/nfl/players/jaydon-blue.php,14,14.1,1.6,5,,255.97,148,350,40.21,12,2026-07-15
259,259,DJ Giddens,IND,RB,RB71,27097,,,https://www.fantasypros.com/nfl/players/dj-giddens.php,13,4.7,0.7,2,,260.78,156,329,31.85,12,2026-07-15
260,260,Tory Horton,SEA,WR,WR97,26022,,,https://www.fantasypros.com/nfl/players/tory-horton.php,11,15.6,1,3,,261.03,150,347,28.91,12,2026-07-15
261,261,Chris Brooks,GB,RB,RB72,25823,,,https://www.fantasypros.com/nfl/players/christopher-brooks.php,11,10.2,1,4,,262.69,177,320,31.15,12,2026-07-15
262,262,Isaiah Davis,NYJ,RB,RB73,25977,,,https://www.fantasypros.com/nfl/players/isaiah-davis.php,13,3.8,0.5,1,,255.20,214,317,26.42,12,2026-07-15
263,263,Eli Stowers,PHI,TE,TE32,23144,,,https://www.fantasypros.com/nfl/players/eli-stowers.php,10,28.7,2.1,8,,268.09,209,361,33.16,12,2026-07-15
264,264,Marvin Mims Jr.,DEN,WR,WR98,23080,,,https://www.fantasypros.com/nfl/players/marvin-mims.php,10,14.6,0.8,3,,257.34,184,396,34.80,12,2026-07-15
265,265,Mason Taylor,NYJ,TE,TE33,26005,,,https://www.fantasypros.com/nfl/players/mason-taylor.php,13,17.3,0.8,3,,267.81,203,352,31.79,12,2026-07-15
266,266,Theo Johnson,NYG,TE,TE34,23104,,,https://www.fantasypros.com/nfl/players/theo-johnson.php,8,16.8,0.8,2,,265.69,181,325,29.94,12,2026-07-15
267,267,Tua Tagovailoa,ATL,QB,QB31,19198,,,https://www.fantasypros.com/nfl/players/tua-tagovailoa.php,11,25,1.7,6,,271.95,153,332,38.80,12,2026-07-15
268,268,Samaje Perine,CIN,RB,RB74,16423,,,https://www.fantasypros.com/nfl/players/samaje-perine.php,6,4.9,1.6,2,,269.97,157,415,46.88,12,2026-07-15
269,269,LeQuint Allen Jr.,JAC,RB,RB75,27285,,,https://www.fantasypros.com/nfl/players/lequint-allen-jr.php,7,8.5,0.7,1,,262.05,201,355,32.60,12,2026-07-15
270,270,Devin Neal,NO,RB,RB76,23682,,,https://www.fantasypros.com/nfl/players/devin-neal.php,8,9.3,0.4,2,-9,260.16,162,364,40.18,12,2026-07-15
271,271,Chris Brazzell II,CAR,WR,WR99,28047,,,https://www.fantasypros.com/nfl/players/chris-brazzell-ii.php,5,17.3,1.1,2,,260.91,175,325,29.82,12,2026-07-15
272,272,Demond Claiborne,MIN,RB,RB77,28084,,,https://www.fantasypros.com/nfl/players/demond-claiborne.php,6,18.4,1.4,4,,255.59,157,329,38.09,12,2026-07-15
273,273,George Holani,SEA,RB,RB78,22915,,,https://www.fantasypros.com/nfl/players/george-holani.php,11,8.3,7,3,,264.66,162,364,37.93,12,2026-07-15
274,274,Greg Dulcich,MIA,TE,TE35,23153,,,https://www.fantasypros.com/nfl/players/greg-dulcich.php,6,16.9,1.6,8,,216.40,131,309,48.19,12,2026-07-15
275,275,Michael Penix Jr.,ATL,QB,QB32,22973,,,https://www.fantasypros.com/nfl/players/michael-penix-jr.php,11,18.6,1,5,,276.06,179,324,30.22,12,2026-07-15
276,276,Jordan James,SF,RB,RB79,27310,,,https://www.fantasypros.com/nfl/players/jordan-james.php,8,16,2.7,5,,267.22,157,402,41.61,12,2026-07-15
277,277,Malik Davis,DAL,RB,RB80,24205,,,https://www.fantasypros.com/nfl/players/malik-davis.php,14,5.6,0.8,1,,274.76,162,327,32.05,12,2026-07-15
278,278,Seth McGowan,IND,RB,RB81,23079,,,https://www.fantasypros.com/nfl/players/seth-mcgowan.php,13,2.7,0.6,1,,288.92,234,335,24.98,12,2026-07-15
279,279,Xavier Legette,CAR,WR,WR100,26136,,,https://www.fantasypros.com/nfl/players/xavier-legette.php,5,3.8,1.1,2,,261.30,205,331,32.85,12,2026-07-15
280,280,Wil Lutz,DEN,K,K16,16026,,,https://www.fantasypros.com/nfl/players/wil-lutz.php,10,8.8,3.1,6,,275.07,215,333,29.10,12,2026-07-15
281,281,Kaleb Johnson,PIT,RB,RB82,27165,,,https://www.fantasypros.com/nfl/players/kaleb-johnson-rb.php,9,12.6,1,4,,262.59,146,338,41.88,12,2026-07-15
282,282,Tyquan Thornton,KC,WR,WR101,22913,,,https://www.fantasypros.com/nfl/players/tyquan-thornton.php,5,6.7,0.6,2,,273.90,170,338,31.66,12,2026-07-15
283,283,Darius Slayton,NYG,WR,WR102,18706,,,https://www.fantasypros.com/nfl/players/darius-slayton.php,8,7,0.9,2,,268.88,178,381,39.56,12,2026-07-15
284,284,Trey Benson,ARI,RB,RB83,25388,,,https://www.fantasypros.com/nfl/players/trey-benson.php,14,17.8,1.1,2,,260.69,120,337,46.17,12,2026-07-15
285,285,Devaughn Vele,NO,WR,WR103,26409,,,https://www.fantasypros.com/nfl/players/devaughn-vele.php,8,13.5,0.7,1,,271.14,185,366,28.62,12,2026-07-15
286,286,Will Reichard,MIN,K,K17,26341,,,https://www.fantasypros.com/nfl/players/will-reichard.php,6,26.3,29.9,12,,263.77,200,333,30.79,12,2026-07-15
287,287,San Francisco 49ers,SF,D/ST,DST17,8270,,,https://www.fantasypros.com/nfl/players/san-francisco-defense.php,8,27.6,29.4,10,,262.47,188,327,30.06,12,2026-07-15
288,288,Kyle Williams,NE,WR,WR104,27487,,,https://www.fantasypros.com/nfl/players/kyle-williams-wr-2025.php,11,8.9,0.7,2,,270.85,205,391,39.18,12,2026-07-15
289,289,Shedeur Sanders,CLE,QB,QB33,25968,,,https://www.fantasypros.com/nfl/players/shedeur-sanders.php,11,20.1,2.5,6,,290.72,176,324,34.60,12,2026-07-15
290,290,Atlanta Falcons,ATL,D/ST,DST18,8010,,,https://www.fantasypros.com/nfl/players/atlanta-defense.php,11,15.5,22.6,7,,262.34,212,347,27.08,12,2026-07-15
291,291,Keenan Allen,LAC,WR,WR105,11616,,,https://www.fantasypros.com/nfl/players/keenan-allen.php,7,10.2,0.7,3,,269.06,160,305,29.22,12,2026-07-15
292,292,Brashard Smith,KC,RB,RB84,27259,,,https://www.fantasypros.com/nfl/players/brashard-smith.php,5,6.7,0.7,1,,274.65,231,363,28.36,12,2026-07-15
293,293,Mack Hollins,NE,WR,WR106,16489,,,https://www.fantasypros.com/nfl/players/mack-hollins.php,11,6.7,0.4,1,,274.91,195,384,42.45,12,2026-07-15
294,294,Hollywood Brown,PHI,WR,WR107,18226,,,https://www.fantasypros.com/nfl/players/marquise-brown.php,10,9.4,0.8,2,,286.30,158,371,28.18,12,2026-07-15
295,295,Kaelon Black,SF,RB,RB85,28401,,,https://www.fantasypros.com/nfl/players/kaelon-black.php,8,11.1,2.5,4,,277.92,182,337,39.82,12,2026-07-15
296,296,Devin Singletary,NYG,RB,RB86,18280,,,https://www.fantasypros.com/nfl/players/devin-singletary.php,8,2.3,0.7,1,,290.88,182,338,26.88,12,2026-07-15
297,297,Emari Demercado,KC,RB,RB87,25654,,,https://www.fantasypros.com/nfl/players/emari-demercado.php,5,3.8,0.6,1,,288.77,189,343,33.43,12,2026-07-15
298,298,Oscar Delp,NO,TE,TE36,25430,,,https://www.fantasypros.com/nfl/players/oscar-delp.php,8,6.6,0.5,1,,313.18,268,375,31.71,12,2026-07-15
299,299,Mike Gesicki,CIN,TE,TE37,17272,,,https://www.fantasypros.com/nfl/players/mike-gesicki.php,6,15.2,1.4,3,,266.47,209,328,24.53,12,2026-07-15
300,300,Deshaun Watson,CLE,QB,QB34,16398,,,https://www.fantasypros.com/nfl/players/deshaun-watson.php,11,18.7,1.3,4,,286.65,179,341,32.16,12,2026-07-15
301,301,Kendre Miller,NO,RB,RB88,24360,,,https://www.fantasypros.com/nfl/players/kendre-miller.php,8,8.1,0.4,2,,284.57,169,360,38.52,12,2026-07-15
302,302,Kirk Cousins,LV,QB,QB35,11177,,,https://www.fantasypros.com/nfl/players/kirk-cousins.php,13,15.7,1.3,4,,301.59,251,339,21.37,12,2026-07-15
303,303,Jerome Ford,WAS,RB,RB89,22921,,,https://www.fantasypros.com/nfl/players/jerome-ford.php,7,5.3,0.3,1,,288.20,233,337,25.71,12,2026-07-15
304,304,Najee Harris,LAC,RB,RB90,19302,,,https://www.fantasypros.com/nfl/players/najee-harris-rb.php,7,9.9,0.4,2,,279.77,189,317,31.26,12,2026-07-15
305,305,Charlie Smyth,NO,K,K18,26444,,,https://www.fantasypros.com/nfl/players/charlie-smyth.php,8,3.2,1.2,2,,289.42,230,366,35.64,12,2026-07-15
306,306,Ja'Kobi Lane,BAL,WR,WR108,27337,,,https://www.fantasypros.com/nfl/players/jakobi-lane.php,13,20.1,2.7,2,,278.20,157,342,34.38,12,2026-07-15
307,307,Adam Randall,BAL,RB,RB91,24367,,,https://www.fantasypros.com/nfl/players/adam-randall.php,13,7.6,0.9,2,,290.12,231,331,27.17,12,2026-07-15
308,308,Jaleel McLaughlin,DEN,RB,RB92,25876,,,https://www.fantasypros.com/nfl/players/jaleel-mclaughlin.php,10,1,0.1,0,,286.56,177,354,29.42,12,2026-07-15
309,309,Trevor Etienne,CAR,RB,RB93,25393,,,https://www.fantasypros.com/nfl/players/trevor-etienne.php,5,2.2,0.8,1,,305.73,247,365,18.40,12,2026-07-15
310,310,Skyler Bell,BUF,WR,WR109,28126,,,https://www.fantasypros.com/nfl/players/skyler-bell.php,7,14.4,1.2,2,,279.29,217,375,34.36,12,2026-07-15
311,311,Isaiah Bond,CLE,WR,WR110,24371,,,https://www.fantasypros.com/nfl/players/isaiah-bond.php,11,3.3,0.5,1,,297.14,239,376,32.44,12,2026-07-15
312,312,Tahj Brooks,CIN,RB,RB94,26212,,,https://www.fantasypros.com/nfl/players/tahj-brooks.php,6,2.2,0.4,1,,302.72,200,361,28.48,12,2026-07-15
313,313,Isaac Guerendo,SF,RB,RB95,26392,,,https://www.fantasypros.com/nfl/players/isaac-guerendo.php,8,1.7,0.3,1,,299.44,201,383,32.90,13,2026-07-15
314,314,Jake Tonges,SF,TE,TE38,24778,,,https://www.fantasypros.com/nfl/players/jake-tonges.php,8,19.7,2,6,,277.53,209,336,26.84,13,2026-07-15
315,315,Indianapolis Colts,IND,D/ST,DST19,8130,,,https://www.fantasypros.com/nfl/players/indianapolis-defense.php,13,20.9,38.9,4,,286.98,220,358,31.42,13,2026-07-15
316,316,Joe Mixon,FA,RB,RB96,16420,,,https://www.fantasypros.com/nfl/players/joe-mixon.php,,15,1,2,,286.68,148,332,46.28,13,2026-07-15
317,317,Andrei Iosivas,CIN,WR,WR111,25335,,,https://www.fantasypros.com/nfl/players/andrei-iosivas.php,6,7.2,0.6,2,,272.47,210,343,30.74,13,2026-07-15
318,318,Jarquez Hunter,LAR,RB,RB97,24335,,,https://www.fantasypros.com/nfl/players/jarquez-hunter.php,11,4.1,0.2,1,,305.33,248,364,20.96,13,2026-07-15
319,319,Chicago Bears,CHI,D/ST,DST20,8050,,,https://www.fantasypros.com/nfl/players/chicago-defense.php,10,15.4,20.9,8,,267.97,190,349,45.72,13,2026-07-15
320,320,New Orleans Saints,NO,D/ST,DST21,8190,,,https://www.fantasypros.com/nfl/players/new-orleans-defense.php,8,23.1,48.8,3,,285.40,212,356,35.84,13,2026-07-15
321,321,Audric Estime,NO,RB,RB98,23054,,,https://www.fantasypros.com/nfl/players/audric-estime.php,8,4.4,0.1,1,,306.93,260,371,21.84,13,2026-07-15
322,322,Darnell Washington,PIT,TE,TE39,22967,,,https://www.fantasypros.com/nfl/players/darnell-washington.php,9,13.8,1.4,2,,291.69,244,390,31.71,13,2026-07-15
323,323,Will Shipley,PHI,RB,RB99,22930,,,https://www.fantasypros.com/nfl/players/will-shipley.php,10,2.1,0.5,1,,312.05,271,348,18.86,13,2026-07-15
324,324,Cedric Tillman,CLE,WR,WR112,25287,,,https://www.fantasypros.com/nfl/players/cedric-tillman.php,11,1.4,0.4,1,,307.59,271,380,28.92,13,2026-07-15
325,325,Kareem Hunt,FA,RB,RB100,16425,,,https://www.fantasypros.com/nfl/players/kareem-hunt.php,,2.6,0.3,1,,317.57,248,423,26.53,13,2026-07-15
326,326,Konata Mumpfield,LAR,WR,WR113,27449,,,https://www.fantasypros.com/nfl/players/konata-mumpfield.php,11,1.7,0.2,0,,294.63,241,368,29.80,13,2026-07-15
327,327,Luke McCaffrey,WAS,WR,WR114,26328,,,https://www.fantasypros.com/nfl/players/luke-mccaffrey.php,7,1.9,0.4,1,,307.00,203,373,34.23,13,2026-07-15
328,328,Jalen Royals,KC,WR,WR115,27076,,,https://www.fantasypros.com/nfl/players/jalen-royals.php,5,2.7,0.4,1,,308.68,213,374,36.88,13,2026-07-15
329,329,Tez Johnson,TB,WR,WR116,27147,,,https://www.fantasypros.com/nfl/players/tez-johnson.php,10,3,0.4,1,,304.03,180,362,35.58,13,2026-07-15
330,330,Calvin Austin III,NYG,WR,WR117,23739,,,https://www.fantasypros.com/nfl/players/calvin-austin.php,8,4.7,0.4,1,,308.07,250,412,42.13,13,2026-07-15
331,331,J.J. McCarthy,MIN,QB,QB36,23018,,,https://www.fantasypros.com/nfl/players/jj-mccarthy.php,6,15.2,1.2,4,,316.16,241,366,26.35,13,2026-07-15
332,332,Max Klare,LAR,TE,TE40,27993,,,https://www.fantasypros.com/nfl/players/max-klare.php,11,16.4,0.6,1,,301.79,268,352,26.11,13,2026-07-15
333,333,Jahan Dotson,ATL,WR,WR118,23101,,,https://www.fantasypros.com/nfl/players/jahan-dotson.php,11,5.7,0.5,2,,293.69,184,364,44.22,13,2026-07-15
334,334,Caleb Douglas,MIA,WR,WR119,28135,,,https://www.fantasypros.com/nfl/players/caleb-douglas.php,6,5.1,1.3,1,,293.36,174,391,59.28,13,2026-07-15
335,335,Joshua Palmer,BUF,WR,WR120,22845,,,https://www.fantasypros.com/nfl/players/josh-palmer.php,7,1.5,0.3,1,,297.50,193,376,50.54,13,2026-07-15
336,336,Olamide Zaccheaus,ATL,WR,WR121,18864,,,https://www.fantasypros.com/nfl/players/olamide-zaccheaus.php,11,5.1,0.4,0,,303.44,227,385,36.02,13,2026-07-15
337,337,Elijah Arroyo,SEA,TE,TE41,23004,,,https://www.fantasypros.com/nfl/players/elijah-arroyo.php,11,8.1,0.7,1,,312.63,252,364,26.31,13,2026-07-15
338,338,Jalen Tolbert,MIA,WR,WR122,23770,,,https://www.fantasypros.com/nfl/players/jalen-tolbert.php,6,7.3,0.8,1,,300.38,206,389,47.11,13,2026-07-15
339,339,Michael Mayer,LV,TE,TE42,23056,,,https://www.fantasypros.com/nfl/players/michael-mayer.php,13,14.9,0.8,1,,302.35,267,389,30.64,13,2026-07-15
340,340,Noah Gray,KC,TE,TE43,19539,,,https://www.fantasypros.com/nfl/players/noah-gray.php,5,4.5,0.4,1,,323.15,259,367,26.56,13,2026-07-15
341,341,Bam Knight,ARI,RB,RB101,24901,,,https://www.fantasypros.com/nfl/players/zonovan-bam-knight.php,14,1,0.2,1,,311.33,243,372,28.99,13,2026-07-15
342,342,Mac Jones,SF,QB,QB37,20156,,,https://www.fantasypros.com/nfl/players/mac-jones.php,8,12.2,0.5,2,,334.20,276,445,32.14,13,2026-07-15
343,343,Tyler Higbee,LAR,TE,TE44,15623,,,https://www.fantasypros.com/nfl/players/tyler-higbee.php,11,4.8,0.5,1,,315.38,226,384,38.49,13,2026-07-15
344,344,Ja'Tavion Sanders,CAR,TE,TE45,24334,,,https://www.fantasypros.com/nfl/players/jatavion-sanders.php,5,5.2,0.6,1,,312.45,261,390,26.78,13,2026-07-15
345,345,Cole Kmet,CHI,TE,TE46,19229,,,https://www.fantasypros.com/nfl/players/cole-kmet.php,10,11.2,0.8,1,,317.48,259,398,32.23,13,2026-07-15
346,346,Kendrick Bourne,ARI,WR,WR123,17066,,,https://www.fantasypros.com/nfl/players/kendrick-bourne.php,14,3.6,0.3,1,,301.42,224,448,64.13,13,2026-07-15
347,347,DeMario Douglas,NE,WR,WR124,25304,,,https://www.fantasypros.com/nfl/players/demario-douglas.php,11,9.5,0.6,1,,324.35,184,425,47.03,13,2026-07-15
348,348,Carson Beck,ARI,QB,QB38,22953,,,https://www.fantasypros.com/nfl/players/carson-beck.php,14,13.8,1.2,2,,332.24,257,392,28.69,13,2026-07-15
349,349,Dawson Knox,BUF,TE,TE47,18631,,,https://www.fantasypros.com/nfl/players/dawson-knox.php,7,10.3,0.8,1,,321.18,256,405,35.78,13,2026-07-15
350,350,Dont'e Thornton Jr.,LV,WR,WR125,27288,,,https://www.fantasypros.com/nfl/players/donte-thornton-jr.php,13,2.3,0.4,1,,317.81,272,373,35.62,13,2026-07-15
351,351,Carolina Panthers,CAR,D/ST,DST22,8040,,,https://www.fantasypros.com/nfl/players/carolina-defense.php,5,6.9,6.1,3,,301.89,220,368,43.17,13,2026-07-15
352,352,Eli Heidenreich,PIT,RB,RB102,28297,,,https://www.fantasypros.com/nfl/players/eli-heidenreich.php,9,2.8,0.5,1,,317.15,251,388,38.90,13,2026-07-15
353,353,J'Mari Taylor,JAC,RB,RB103,28109,,,https://www.fantasypros.com/nfl/players/jmari-taylor.php,7,5.7,0,0,,324.90,286,359,20.26,13,2026-07-15
354,354,Xavier Hutchinson,HOU,WR,WR126,25332,,,https://www.fantasypros.com/nfl/players/xavier-hutchinson.php,8,2,0.2,0,,320.50,256,384,34.10,13,2026-07-15
355,355,Justin Fields,KC,QB,QB39,19781,,,https://www.fantasypros.com/nfl/players/justin-fields.php,5,11.7,0.9,2,,337.25,290,380,23.23,13,2026-07-15
356,356,Ty Simpson,LAR,QB,QB40,25368,,,https://www.fantasypros.com/nfl/players/ty-simpson.php,11,19.2,1.1,2,,337.46,308,398,22.47,13,2026-07-15
357,357,Brenen Thompson,LAC,WR,WR127,28133,,,https://www.fantasypros.com/nfl/players/brenen-thompson.php,7,5.4,0.3,1,,316.63,245,394,41.68,14,2026-07-15
358,358,Bryce Lance,NO,WR,WR128,28129,,,https://www.fantasypros.com/nfl/players/bryce-lance.php,8,4.6,0.5,1,,310.94,237,387,36.50,14,2026-07-15
359,359,Jawhar Jordan,HOU,RB,RB104,26329,,,https://www.fantasypros.com/nfl/players/jawhar-jordan.php,8,0.9,0.2,0,,319.06,162,407,53.40,14,2026-07-15
360,360,Nick Chubb,FA,RB,RB105,17246,,,https://www.fantasypros.com/nfl/players/nick-chubb.php,,1.6,0.3,1,,324.39,222,385,34.50,14,2026-07-15
361,361,Dallas Cowboys,DAL,D/ST,DST23,8080,,,https://www.fantasypros.com/nfl/players/dallas-defense.php,14,21.3,28.2,12,,277.42,186,367,52.91,14,2026-07-15
362,362,Treylon Burks,WAS,WR,WR129,22905,,,https://www.fantasypros.com/nfl/players/treylon-burks.php,7,2.8,0.2,1,,309.07,230,397,50.04,14,2026-07-15
363,363,Michael Carter,TEN,RB,RB106,22728,,,https://www.fantasypros.com/nfl/players/michael-carter-rb.php,9,1,0.2,1,,335.06,294,417,36.87,14,2026-07-15
364,364,Kalif Raymond,CHI,WR,WR130,16081,,,https://www.fantasypros.com/nfl/players/kalif-raymond.php,10,1,0.3,0,,318.27,225,406,44.50,14,2026-07-15
365,365,Anthony Richardson Sr.,IND,QB,QB41,24347,,,https://www.fantasypros.com/nfl/players/anthony-richardson.php,13,15.4,0.5,2,,340.42,303,381,20.13,14,2026-07-15
366,366,Tyler Bass,BUF,K,K19,19760,,,https://www.fantasypros.com/nfl/players/tyler-bass.php,7,11.2,1.4,6,,272.10,216,411,53.95,14,2026-07-15
367,367,KaVontae Turpin,DAL,WR,WR131,18520,,,https://www.fantasypros.com/nfl/players/kavontae-turpin.php,14,6.1,0.8,3,,299.25,210,435,61.43,14,2026-07-15
368,368,Nick Westbrook-Ikhine,IND,WR,WR132,19747,,,https://www.fantasypros.com/nfl/players/nick-westbrook.php,13,1.7,0.5,0,,319.21,230,412,56.43,14,2026-07-15
369,369,John Metchie III,CAR,WR,WR133,22895,,,https://www.fantasypros.com/nfl/players/john-metchie.php,5,3.2,0.2,0,,337.59,289,418,41.16,14,2026-07-15
370,370,Savion Williams,GB,WR,WR134,27144,,,https://www.fantasypros.com/nfl/players/savion-williams.php,11,1.4,0.7,0,,340.18,286,446,40.36,14,2026-07-15
371,371,Jaylin Lane,WAS,WR,WR135,27454,,,https://www.fantasypros.com/nfl/players/jaylin-lane.php,7,3,0.3,1,,340.94,293,399,34.26,14,2026-07-15
372,372,Tutu Atwell,MIA,WR,WR136,20126,,,https://www.fantasypros.com/nfl/players/tutu-atwell.php,6,2.1,0.4,1,,326.71,239,426,50.20,14,2026-07-15
373,373,Raheim Sanders,CLE,RB,RB107,24351,,,https://www.fantasypros.com/nfl/players/raheim-sanders.php,11,0.8,0.1,0,,340.13,282,411,35.32,14,2026-07-15
374,374,New York Giants,NYG,D/ST,DST24,8200,,,https://www.fantasypros.com/nfl/players/new-york-giants-defense.php,8,28,32.9,4,,264.38,190,388,60.94,14,2026-07-15
375,375,Justin Joly,DEN,TE,TE48,28079,,,https://www.fantasypros.com/nfl/players/justin-joly.php,10,7,0.3,1,,337.67,261,395,34.79,14,2026-07-15
376,376,Noah Fant,NO,TE,TE49,17527,,,https://www.fantasypros.com/nfl/players/noah-fant.php,8,3.6,0.3,1,,344.13,288,417,29.62,14,2026-07-15
377,377,Zane Gonzalez,MIA,K,K20,16548,,,https://www.fantasypros.com/nfl/players/zane-gonzalez.php,6,2.4,0.6,1,,320.08,203,409,49.70,14,2026-07-15
378,378,Cincinnati Bengals,CIN,D/ST,DST25,8060,,,https://www.fantasypros.com/nfl/players/cincinnati-defense.php,6,4.7,3.5,3,,250.57,206,359,49.88,14,2026-07-15
379,379,Eli Raridon,NE,TE,TE50,28154,,,https://www.fantasypros.com/nfl/players/eli-raridon.php,11,4.7,0.5,1,,343.33,247,449,49.14,14,2026-07-15
380,380,Kevin Coleman Jr.,MIA,WR,WR137,28067,,,https://www.fantasypros.com/nfl/players/kevin-coleman-jr.php,6,2.4,0.3,1,,329.54,262,422,49.48,14,2026-07-15
381,381,Tampa Bay Buccaneers,TB,D/ST,DST26,8290,,,https://www.fantasypros.com/nfl/players/tampa-bay-defense.php,10,23,36.6,3,,307.00,235,366,47.24,14,2026-07-15
382,382,Jake Elliott,PHI,K,K21,16540,,,https://www.fantasypros.com/nfl/players/jake-elliott.php,10,9.8,5.8,9,,283.88,212,384,63.16,14,2026-07-15
383,383,Zavion Thomas,CHI,WR,WR138,28132,,,https://www.fantasypros.com/nfl/players/zavion-thomas.php,10,3.9,0.5,1,,329.27,258,443,57.78,14,2026-07-15
384,384,Phil Mafah,DAL,RB,RB108,22928,,,https://www.fantasypros.com/nfl/players/phil-mafah.php,14,1,0.1,1,,325.00,210,401,52.31,14,2026-07-15
385,385,Erick All Jr.,CIN,TE,TE51,23837,,,https://www.fantasypros.com/nfl/players/erick-all.php,6,1.6,0.2,0,7,315.78,271,369,34.86,14,2026-07-15
386,386,Tommy Tremble,CAR,TE,TE52,22795,,,https://www.fantasypros.com/nfl/players/tommy-tremble.php,5,1.6,0.3,0,,347.08,296,419,31.73,14,2026-07-15
387,387,Austin Ekeler,FA,RB,RB109,16483,,,https://www.fantasypros.com/nfl/players/austin-ekeler.php,,2.5,0.2,1,,341.36,275,404,37.36,14,2026-07-15
388,388,Trey Smack,GB,K,K22,28507,,,https://www.fantasypros.com/nfl/players/trey-smack.php,11,5.5,5.4,2,,262.20,215,375,58.90,14,2026-07-15
389,389,Luke Musgrave,GB,TE,TE53,25282,,,https://www.fantasypros.com/nfl/players/luke-musgrave.php,11,7.8,0.3,1,,355.17,314,386,21.53,14,2026-07-15
390,390,Tennessee Titans,TEN,D/ST,DST27,8300,,,https://www.fantasypros.com/nfl/players/tennessee-defense.php,9,13.9,11.9,5,,238.00,151,361,79.10,14,2026-07-15
391,391,Nick Folk,ATL,K,K23,9491,,,https://www.fantasypros.com/nfl/players/nick-folk.php,11,6.7,3.8,5,,244.25,181,368,72.72,14,2026-07-15
392,392,John Bates,WAS,TE,TE54,22833,,,https://www.fantasypros.com/nfl/players/john-bates.php,7,0.6,0.1,0,,336.00,274,431,50.51,14,2026-07-15
393,393,Deion Burks,IND,WR,WR139,27093,,,https://www.fantasypros.com/nfl/players/deion-burks.php,13,4.4,0.1,0,,355.70,292,456,44.48,14,2026-07-15
394,394,Devontez Walker,BAL,WR,WR140,26011,,,https://www.fantasypros.com/nfl/players/devontez-walker.php,13,1.1,0.3,0,,312.67,245,453,66.75,14,2026-07-15
395,395,Ben Sinnott,WAS,TE,TE55,26310,,,https://www.fantasypros.com/nfl/players/ben-sinnott.php,7,2.5,0.2,0,,359.91,321,415,27.88,14,2026-07-15
396,396,Ben Sauls,NYG,K,K24,27798,,,https://www.fantasypros.com/nfl/players/ben-sauls.php,8,2.9,0.7,0,,299.60,183,455,100.53,14,2026-07-15
397,397,Jameis Winston,NYG,QB,QB42,13891,,,https://www.fantasypros.com/nfl/players/jameis-winston.php,8,5.8,0.4,1,,358.20,321,398,24.75,14,2026-07-15
398,398,Dameon Pierce,PHI,RB,RB110,22947,,,https://www.fantasypros.com/nfl/players/dameon-pierce.php,10,1.2,0.1,0,,352.00,314,389,23.15,14,2026-07-15
399,399,Jordan Whittington,LAR,WR,WR141,23135,,,https://www.fantasypros.com/nfl/players/jordan-whittington.php,11,1.1,0.3,0,,355.89,291,444,47.77,14,2026-07-15
400,400,Kyle Juszczyk,SF,RB,RB111,11798,,,https://www.fantasypros.com/nfl/players/kyle-juszczyk.php,8,1.5,0.8,0,,300.00,219,358,55.68,14,2026-07-15
401,401,Joe Flacco,CIN,QB,QB43,9300,,,https://www.fantasypros.com/nfl/players/joe-flacco.php,6,5.5,0.4,1,,360.00,328,388,22.43,14,2026-07-15
402,402,Greg Dortch,DET,WR,WR142,18585,,,https://www.fantasypros.com/nfl/players/greg-dortch.php,6,1.5,0.2,1,,337.14,276,414,51.35,14,2026-07-15
403,403,Daniel Bellinger,TEN,TE,TE56,24238,,,https://www.fantasypros.com/nfl/players/daniel-bellinger.php,9,4.4,0.1,0,,356.56,311,398,27.11,14,2026-07-15
404,404,Terrell Jennings,NE,RB,RB112,26964,,,https://www.fantasypros.com/nfl/players/terrell-jennings.php,11,0.6,0.1,0,,350.00,311,408,35.75,14,2026-07-15
405,405,Dyami Brown,WAS,WR,WR143,20113,,,https://www.fantasypros.com/nfl/players/dyami-brown.php,7,1,0.5,0,,334.50,298,457,56.55,14,2026-07-15
406,406,Ashton Dulin,IND,WR,WR144,18656,,,https://www.fantasypros.com/nfl/players/ashton-dulin.php,13,0.6,0.1,0,,312.40,298,331,11.67,14,2026-07-15
407,407,Cyrus Allen,KC,WR,WR145,28424,,,https://www.fantasypros.com/nfl/players/cyrus-allen.php,5,2.3,0.3,0,,356.50,272,440,49.44,14,2026-07-15
408,408,Washington Commanders,WAS,D/ST,DST28,8310,,,https://www.fantasypros.com/nfl/players/washington-defense.php,7,16.7,13.8,2,,314.60,190,404,73.99,14,2026-07-15
409,409,CJ Daniels,LAR,WR,WR146,28125,,,https://www.fantasypros.com/nfl/players/cj-daniels.php,11,3,0.2,0,,354.88,303,420,33.91,14,2026-07-15
410,410,Ryan Fitzgerald,CAR,K,K25,27261,,,https://www.fantasypros.com/nfl/players/ryan-fitzgerald.php,5,2.3,0.8,1,,292.50,184,410,99.24,14,2026-07-15
411,411,Jam Miller,NE,RB,RB113,27326,,,https://www.fantasypros.com/nfl/players/jam-miller.php,11,1.8,0.2,0,,348.14,326,379,16.00,14,2026-07-15
412,412,Austin Hooper,ATL,TE,TE57,15581,,,https://www.fantasypros.com/nfl/players/austin-hooper.php,11,1.8,0.2,0,,338.00,309,395,30.59,14,2026-07-15
413,413,Marcus Mariota,WAS,QB,QB44,13890,,,https://www.fantasypros.com/nfl/players/marcus-mariota.php,7,6.5,0.3,1,,350.00,327,378,18.72,14,2026-07-15
414,414,Antonio Gibson,FA,RB,RB114,19624,,,https://www.fantasypros.com/nfl/players/antonio-gibson.php,,0.7,0.1,0,,342.17,263,436,52.51,14,2026-07-15
415,415,Spencer Shrader,IND,K,K26,26763,,,https://www.fantasypros.com/nfl/players/spencer-shrader.php,13,1.3,0.2,1,,259.67,215,282,31.58,14,2026-07-15
416,416,Tommy Myers,FA,TE,TE58,25167,,,https://www.fantasypros.com/nfl/players/tommy-myers.php,,0,0,0,,352.43,290,427,52.74,14,2026-07-15
417,417,Marlin Klein,HOU,TE,TE59,28157,,,https://www.fantasypros.com/nfl/players/marlin-klein.php,8,2.4,0.2,0,,352.57,324,372,14.41,14,2026-07-15
418,418,DeAndre Hopkins,BAL,WR,WR147,11606,,,https://www.fantasypros.com/nfl/players/deandre-hopkins.php,13,0.7,0.2,1,,281.33,126,452,133.53,14,2026-07-15
419,419,Darren Waller,FA,TE,TE60,14104,,,https://www.fantasypros.com/nfl/players/darren-waller.php,,2.8,0.2,1,,356.43,320,413,29.81,14,2026-07-15
420,420,Elijah Higgins,ARI,TE,TE61,23119,,,https://www.fantasypros.com/nfl/players/elijah-higgins.php,14,2,0.2,0,,373.00,340,429,25.02,14,2026-07-15
421,421,Jonnu Smith,FA,TE,TE62,16460,,,https://www.fantasypros.com/nfl/players/jonnu-smith.php,,5.9,0.2,1,,314.75,255,430,69.13,14,2026-07-15
422,422,Blake Grupe,IND,K,K27,25533,,,https://www.fantasypros.com/nfl/players/blake-grupe.php,13,3.3,1,2,,278.00,199,356,64.10,14,2026-07-15
423,423,Odell Beckham Jr.,NYG,WR,WR148,12127,,,https://www.fantasypros.com/nfl/players/odell-beckham.php,8,2.6,4.2,2,,281.33,154,374,93.10,15,2026-07-15
424,424,Chad Ryland,ARI,K,K28,25354,,,https://www.fantasypros.com/nfl/players/chad-ryland.php,14,2.6,0.6,1,,320.00,192,395,78.60,15,2026-07-15
425,425,Zach Ertz,FA,TE,TE63,11689,,,https://www.fantasypros.com/nfl/players/zach-ertz.php,,2.1,0.3,1,,340.20,246,403,53.34,15,2026-07-15
426,426,Tyler Lockett,LV,WR,WR149,13971,,,https://www.fantasypros.com/nfl/players/tyler-lockett.php,13,0.6,0.1,0,,290.00,199,414,90.82,15,2026-07-15
427,427,Joe Milton III,DAL,QB,QB45,25967,,,https://www.fantasypros.com/nfl/players/joe-milton.php,14,5.3,0.4,0,,344.40,317,388,24.47,15,2026-07-15
428,428,Damien Martinez,GB,RB,RB115,25976,,,https://www.fantasypros.com/nfl/players/damien-martinez.php,11,0.7,0.1,0,,357.67,317,413,32.95,15,2026-07-15
429,429,Jeremy McNichols,WAS,RB,RB116,16445,,,https://www.fantasypros.com/nfl/players/jeremy-mcnichols.php,7,0.6,0.1,0,,327.50,238,387,54.87,15,2026-07-15
430,430,Miami Dolphins,MIA,D/ST,DST29,8160,,,https://www.fantasypros.com/nfl/players/miami-defense.php,6,10.5,14.5,2,,346.20,318,394,28.62,15,2026-07-15
431,431,Joey Slye,TEN,K,K29,19028,,,https://www.fantasypros.com/nfl/players/joey-slye.php,9,2.3,0.6,1,,328.50,203,405,76.82,15,2026-07-15
432,432,Cade Klubnik,NYJ,QB,QB46,24361,,,https://www.fantasypros.com/nfl/players/cade-klubnik.php,13,6.2,0.3,1,,347.80,323,388,21.59,15,2026-07-15
433,433,Josh Oliver,MIN,TE,TE64,18487,,,https://www.fantasypros.com/nfl/players/josh-oliver.php,6,1.2,0.2,0,,349.00,315,367,18.30,15,2026-07-15
434,434,Rasheen Ali,BAL,RB,RB117,25983,,,https://www.fantasypros.com/nfl/players/rasheen-ali.php,13,1.7,0.2,1,,307.33,292,317,10.96,15,2026-07-15
435,435,Jahdae Walker,CHI,WR,WR150,27810,,,https://www.fantasypros.com/nfl/players/jahdae-walker.php,10,1.6,0.2,0,,337.25,323,375,21.89,15,2026-07-15
436,436,Sterling Shepard,FA,WR,WR151,15569,,,https://www.fantasypros.com/nfl/players/sterling-shepard.php,,1,0.1,0,,255.50,244,267,11.50,15,2026-07-15
437,437,Mitchell Evans,CAR,TE,TE65,27138,,,https://www.fantasypros.com/nfl/players/mitchell-evans.php,5,0.8,0.2,0,,373.29,339,392,18.58,15,2026-07-15
438,438,Dylan Laube,LV,RB,RB118,26194,,,https://www.fantasypros.com/nfl/players/dylan-laube.php,13,0.7,0.2,0,,313.33,288,330,18.21,15,2026-07-15
439,439,Elijah Moore,PHI,WR,WR152,20114,,,https://www.fantasypros.com/nfl/players/elijah-moore.php,10,0.6,0.1,0,,315.33,262,384,50.97,15,2026-07-15
440,440,Xavier Smith,LAR,WR,WR153,25627,,,https://www.fantasypros.com/nfl/players/xavier-smith.php,11,0.6,0.2,0,,318.33,264,372,44.09,15,2026-07-15
441,441,Miles Sanders,FA,RB,RB119,18283,,,https://www.fantasypros.com/nfl/players/miles-sanders.php,,0.6,0.1,0,,329.00,222,447,92.18,15,2026-07-15
442,442,Sam Roush,CHI,TE,TE66,28161,,,https://www.fantasypros.com/nfl/players/sam-roush.php,10,1.6,0.2,0,,345.00,298,377,29.54,15,2026-07-15
443,443,Nate Boerkircher,JAC,TE,TE67,28427,,,https://www.fantasypros.com/nfl/players/nate-boerkircher.php,7,0.6,0.1,0,,345.25,293,390,34.85,15,2026-07-15
444,444,Kevin Austin Jr.,NO,WR,WR154,23049,,,https://www.fantasypros.com/nfl/players/kevin-austin.php,8,1.8,0,0,,272.00,264,280,8.00,15,2026-07-15
445,445,Demarcus Robinson,SF,WR,WR155,15665,,,https://www.fantasypros.com/nfl/players/demarcus-robinson.php,8,1,0.2,0,,363.20,308,416,36.32,15,2026-07-15
446,446,Mitch Tinsley,CIN,WR,WR156,24370,,,https://www.fantasypros.com/nfl/players/mitchell-tinsley.php,6,0.6,0.1,0,,325.67,298,376,35.65,15,2026-07-15
447,447,Roschon Johnson,CHI,RB,RB120,25322,,,https://www.fantasypros.com/nfl/players/roschon-johnson.php,10,0.6,0.2,0,,365.00,332,394,26.34,15,2026-07-15
448,448,Jaret Patterson,LAC,RB,RB121,20155,,,https://www.fantasypros.com/nfl/players/jaret-patterson.php,7,1.1,0,0,,329.67,292,365,29.85,15,2026-07-15
449,449,Colbie Young,CIN,WR,WR157,26037,,,https://www.fantasypros.com/nfl/players/colbie-young.php,6,0.8,0.2,0,,332.67,312,345,14.70,15,2026-07-15
450,450,Khalil Herbert,FA,RB,RB122,22763,,,https://www.fantasypros.com/nfl/players/khalil-herbert.php,,1.1,0,0,-16,294.50,278,311,16.50,15,2026-07-15
451,451,Alexander Mattison,FA,RB,RB123,18621,,,https://www.fantasypros.com/nfl/players/alexander-mattison.php,,1,0,0,-15,296.00,266,326,30.00,15,2026-07-15
452,452,Charlie Kolar,LAC,TE,TE68,22756,,,https://www.fantasypros.com/nfl/players/charlie-kolar.php,7,3.6,0.1,0,12,358.75,320,392,26.66,15,2026-07-15
453,453,Brandon McManus,FA,K,K30,13274,,,https://www.fantasypros.com/nfl/players/brandon-mcmanus.php,,1.1,0.3,1,,303.00,210,396,93.00,15,2026-07-15
454,454,Hunter Luepke,DAL,RB,RB124,25941,,,https://www.fantasypros.com/nfl/players/hunter-luepke.php,14,0.7,0.2,0,22,303.50,294,313,9.50,15,2026-07-15
455,455,Malik Benson,LV,WR,WR158,26012,,,https://www.fantasypros.com/nfl/players/malik-benson.php,13,1,0.2,0,,377.40,350,437,31.68,15,2026-07-15
456,456,Ty Chandler,NO,RB,RB125,19471,,,https://www.fantasypros.com/nfl/players/ty-chandler.php,8,0.6,0.1,0,,344.33,314,383,28.78,15,2026-07-15
457,457,Daniel Carlson,LV,K,K31,17420,,,https://www.fantasypros.com/nfl/players/daniel-carlson.php,13,0.7,0.1,1,,307.50,209,406,98.50,15,2026-07-15
458,458,Sione Vaki,DET,RB,RB126,26309,,,https://www.fantasypros.com/nfl/players/sione-vaki.php,6,0.6,0.1,0,,310.50,294,327,16.50,15,2026-07-15
459,459,Jordan Waters,LAR,RB,RB127,26395,,,https://www.fantasypros.com/nfl/players/jordan-waters.php,11,0,0,0,,313.00,283,343,30.00,15,2026-07-15
460,460,Van Jefferson,WAS,WR,WR159,19483,,,https://www.fantasypros.com/nfl/players/van-jefferson.php,7,1,0.3,0,,314.00,284,344,30.00,15,2026-07-15
461,461,Raheem Mostert,LV,RB,RB128,14338,,,https://www.fantasypros.com/nfl/players/raheem-mostert.php,13,0.6,0.1,0,,316.50,315,318,1.50,15,2026-07-15
462,462,Las Vegas Raiders,LV,D/ST,DST30,8220,,,https://www.fantasypros.com/nfl/players/las-vegas-defense.php,13,10.8,12.6,3,,321.00,280,362,41.00,15,2026-07-15
463,463,Diontae Johnson,FA,WR,WR160,18615,,,https://www.fantasypros.com/nfl/players/diontae-johnson.php,,1,0,0,,322.00,283,361,39.00,15,2026-07-15
464,464,Adam Trautman,DEN,TE,TE69,19423,,,https://www.fantasypros.com/nfl/players/adam-trautman.php,10,0.6,0.1,0,,357.33,336,378,17.15,15,2026-07-15
465,465,Ronnie Rivers,LAR,RB,RB129,23986,,,https://www.fantasypros.com/nfl/players/ronnie-rivers.php,11,0.6,0.1,0,14,328.00,327,329,1.00,15,2026-07-15
466,466,Reggie Virgil,ARI,WR,WR161,28141,,,https://www.fantasypros.com/nfl/players/reggie-virgil.php,14,0.7,0.1,0,,360.00,296,396,45.37,15,2026-07-15
467,467,Tai Felton,MIN,WR,WR162,27182,,,https://www.fantasypros.com/nfl/players/tai-felton.php,6,0.8,0.2,0,,349.50,241,458,108.50,15,2026-07-15
468,468,Gardner Minshew II,ARI,QB,QB47,18562,,,https://www.fantasypros.com/nfl/players/gardner-minshew.php,14,2.8,0.1,0,,360.33,339,375,15.43,15,2026-07-15
469,469,Robert Henry Jr.,WAS,RB,RB130,28404,,,https://www.fantasypros.com/nfl/players/robert-henry-jr.php,7,0,0,0,,375.75,332,400,26.63,15,2026-07-15
470,470,Myles Montgomery,NE,RB,RB131,28450,,,https://www.fantasypros.com/nfl/players/myles-montgomery.php,11,0,0,0,,361.67,352,367,6.85,15,2026-07-15
471,471,Luke Schoonmaker,DAL,TE,TE70,25267,,,https://www.fantasypros.com/nfl/players/luke-schoonmaker.php,14,0.9,0.2,0,,378.00,363,385,8.77,15,2026-07-15
472,472,Riley Leonard,IND,QB,QB48,25373,,,https://www.fantasypros.com/nfl/players/riley-leonard.php,13,5.6,0.2,0,,365.67,310,398,39.53,15,2026-07-15
473,473,Jermaine Burton,FA,WR,WR163,22956,,,https://www.fantasypros.com/nfl/players/jermaine-burton.php,,1.1,0,0,,358.50,258,459,100.50,15,2026-07-15
474,474,Cash Jones,ATL,RB,RB132,28124,,,https://www.fantasypros.com/nfl/players/cash-jones.php,11,0,0,0,,340.00,322,358,18.00,15,2026-07-15
475,475,Roman Wilson,PIT,WR,WR164,28896,,,https://www.fantasypros.com/nfl/players/roman-wilson-wr.php,9,0.8,0.2,0,,345.00,343,347,2.00,15,2026-07-15
476,476,Tanner Hudson,CIN,TE,TE71,17826,,,https://www.fantasypros.com/nfl/players/tanner-hudson.php,6,1.2,0.1,0,,348.50,342,355,6.50,15,2026-07-15
477,477,Jacardia Wright,SEA,RB,RB133,27781,,,https://www.fantasypros.com/nfl/players/jacardia-wright.php,11,0,0,0,,356.00,331,381,25.00,15,2026-07-15
478,478,Drew Sample,CIN,TE,TE72,18561,,,https://www.fantasypros.com/nfl/players/drew-sample.php,6,0.6,0.1,0,,356.00,345,367,11.00,15,2026-07-15
479,479,Durham Smythe,BAL,TE,TE73,17508,,,https://www.fantasypros.com/nfl/players/durham-smythe.php,13,0.6,0.1,0,12,359.00,353,365,6.00,15,2026-07-15
480,480,Taysom Hill,FA,TE,TE74,17115,,,https://www.fantasypros.com/nfl/players/taysom-hill.php,,0.7,0.2,0,,370.00,299,441,71.00,15,2026-07-15
481,481,Jaydn Ott,KC,RB,RB134,25394,,,https://www.fantasypros.com/nfl/players/jaydn-ott.php,5,1.1,0,0,16,380.00,376,383,2.94,15,2026-07-15
482,482,Brock Wright,DET,TE,TE75,23341,,,https://www.fantasypros.com/nfl/players/brock-wright.php,6,0.8,0.2,0,,361.00,353,369,8.00,15,2026-07-15
483,483,Cam Akers,FA,RB,RB135,19268,,,https://www.fantasypros.com/nfl/players/cam-akers.php,,0.6,0.1,0,-26,371.50,304,439,67.50,15,2026-07-15
484,484,Elijah Tau-Tolliver,BAL,RB,RB136,28757,,,https://www.fantasypros.com/nfl/players/elijah-tau-tolliver.php,13,0,0,0,25,363.00,332,394,31.00,15,2026-07-15
485,485,Quinn Ewers,MIA,QB,QB49,23680,,,https://www.fantasypros.com/nfl/players/quinn-ewers.php,6,4.3,0.2,1,,365.50,349,382,16.50,15,2026-07-15
486,486,Donovan Edwards,MIA,RB,RB137,23014,,,https://www.fantasypros.com/nfl/players/donovan-edwards.php,6,1,0,0,,367.50,346,389,21.50,16,2026-07-15
487,487,Roman Hemby,LV,RB,RB138,25387,,,https://www.fantasypros.com/nfl/players/roman-hemby.php,13,0,0,0,,369.50,366,373,3.50,16,2026-07-15
488,488,Mo Alie-Cox,IND,TE,TE76,16579,,,https://www.fantasypros.com/nfl/players/mo-alie-cox.php,13,0.6,0.1,0,,372.50,350,395,22.50,16,2026-07-15
489,489,Tyler Badie,DEN,RB,RB139,23812,,,https://www.fantasypros.com/nfl/players/tyler-badie.php,10,1.1,0.3,0,27,372.50,365,380,7.50,16,2026-07-15
490,490,Jared Wiley,KC,TE,TE77,26343,,,https://www.fantasypros.com/nfl/players/jared-wiley.php,5,1,0,0,14,376.00,357,395,19.00,16,2026-07-15
491,491,Frank Gore Jr.,BUF,RB,RB140,25980,,,https://www.fantasypros.com/nfl/players/frank-gore-jr.php,7,0.6,0.1,0,22,378.50,370,387,8.50,16,2026-07-15
492,492,Jackson Hawes,BUF,TE,TE78,27469,,,https://www.fantasypros.com/nfl/players/jackson-hawes.php,7,0.9,0.1,0,,379.50,369,390,10.50,16,2026-07-15
493,493,Skyy Moore,GB,WR,WR165,23905,,,https://www.fantasypros.com/nfl/players/skyy-moore.php,11,0.8,0.1,0,,380.00,376,384,4.00,16,2026-07-15
494,494,Jimmy Horn Jr.,CAR,WR,WR166,27294,,,https://www.fantasypros.com/nfl/players/jimmy-horn-jr.php,5,0.7,0.1,0,20,381.50,380,383,1.50,16,2026-07-15
495,495,Michael Trigg,DAL,TE,TE79,23167,,,https://www.fantasypros.com/nfl/players/michael-trigg.php,14,13.4,0.2,0,,390.50,347,434,43.50,16,2026-07-15
496,496,Josh Cameron,JAC,WR,WR167,28137,,,https://www.fantasypros.com/nfl/players/josh-cameron.php,7,1.5,0.1,0,,385.50,380,391,5.50,16,2026-07-15
497,497,Thomas Fidone II,NYG,TE,TE80,23039,,,https://www.fantasypros.com/nfl/players/thomas-fidone.php,8,1,0,0,,398.50,355,442,43.50,16,2026-07-15
498,498,Jason Sanders,NYJ,K,K32,17533,,,https://www.fantasypros.com/nfl/players/jason-sanders.php,13,3.5,3.1,1,,391.50,376,407,15.50,16,2026-07-15
499,499,New York Jets,NYJ,D/ST,DST31,8210,,,https://www.fantasypros.com/nfl/players/new-york-jets-defense.php,13,8.2,8,1,,399.00,365,433,34.00,16,2026-07-15
